time_boot_ms,I,Status,GMS,GWk,NSats,HDop,Lat,Lng,Alt,Spd,GCrs,VZ,Yaw,U
73816.825,0,1,7800,0,0,99.99,0,0,-17,0,0,0,0,1
74016.774,0,1,8000,0,0,99.99,0,0,-17,0,0,0,0,1
74216.714,0,1,8200,0,0,99.99,0,0,-17,0,0,0,0,1
74416.777,0,1,8400,0,0,99.99,0,0,-17,0,0,0,0,1
74616.725,0,1,8600,0,0,99.99,0,0,-17,0,0,0,0,1
74817.337,0,1,8800,0,0,99.99,0,0,-17,0,0,0,0,1
75017.329,0,1,9000,0,0,99.99,0,0,-17,0,0,0,0,1
75217.433,0,1,225743662,0,0,99.99,0,0,-17,0,0,0,0,1
75417.305,0,1,225743862,0,0,99.99,0,0,-17,0,0,0,0,1
75557.047,0,1,225744000,0,0,99.99,0,0,-17,0,0,0,0,1
75757.149,0,1,225744200,0,0,99.99,0,0,-17,0,0,0,0,1
75957.062,0,1,225744400,0,0,99.99,0,0,-17,0,0,0,0,1
76157.062,0,1,225744600,0,0,99.99,0,0,-17,0,0,0,0,1
76357.063,0,1,225744800,0,0,99.99,0,0,-17,0,0,0,0,1
76556.997,0,1,225745000,0,0,99.99,0,0,-17,0,0,0,0,1
76756.989,0,1,225745200,0,0,99.99,0,0,-17,0,0,0,0,1
76957.025,0,1,225745400,0,0,99.99,0,0,-17,0,0,0,0,1
77156.991,0,1,225745600,0,0,99.99,0,0,-17,0,0,0,0,1
77357.31,0,1,225745800,0,0,99.99,0,0,-17,0,0,0,0,1
77557.11,0,1,225746000,0,0,99.99,0,0,-17,0,0,0,0,1
77757.138,0,1,225746200,0,0,99.99,0,0,-17,0,0,0,0,1
77957.099,0,1,225746400,0,0,99.99,0,0,-17,0,0,0,0,1
78157.006,0,1,225746600,0,0,99.99,0,0,-17,0,0,0,0,1
78357.035,0,1,225746800,0,0,99.99,0,0,-17,0,0,0,0,1
78556.968,0,1,225747000,0,0,99.99,0,0,-17,0,0,0,0,1
78757.107,0,1,225747200,0,0,99.99,0,0,-17,0,0,0,0,1
78957.103,0,1,225747400,0,0,99.99,0,0,-17,0,0,0,0,1
79157.079,0,1,225747600,0,0,99.99,0,0,-17,0,0,0,0,1
79357.224,0,1,225747800,0,0,99.99,0,0,-17,0,0,0,0,1
79557.112,0,1,225748000,0,0,99.99,0,0,-17,0,0,0,0,1
79757.099,0,1,225748200,0,0,99.99,0,0,-17,0,0,0,0,1
79957.024,0,1,225748400,0,0,99.99,0,0,-17,0,0,0,0,1
80157.043,0,1,225748600,0,0,99.99,0,0,-17,0,0,0,0,1
80357.103,0,1,225748800,0,0,99.99,0,0,-17,0,0,0,0,1
80557.061,0,1,225749000,0,0,99.99,0,0,-17,0,0,0,0,1
80757.098,0,1,225749200,0,0,99.99,0,0,-17,0,0,0,0,1
80957.119,0,1,225749400,0,0,99.99,0,0,-17,0,0,0,0,1
81157.141,0,1,225749600,0,0,99.99,0,0,-17,0,0,0,0,1
81357.048,0,1,225749800,0,0,99.99,0,0,-17,0,0,0,0,1
81556.995,0,1,225750000,0,0,99.99,0,0,-17,0,0,0,0,1
81757.109,0,1,225750200,0,0,99.99,0,0,-17,0,0,0,0,1
81957.066,0,1,225750400,0,0,99.99,0,0,-17,0,0,0,0,1
82157.06,0,1,225750600,0,0,99.99,0,0,-17,0,0,0,0,1
82357.134,0,1,225750800,0,0,99.99,0,0,-17,0,0,0,0,1
82557.104,0,1,225751000,0,0,99.99,0,0,-17,0,0,0,0,1
82757.152,0,1,225751200,0,0,99.99,0,0,-17,0,0,0,0,1
82957.131,0,1,225751400,0,0,99.99,0,0,-17,0,0,0,0,1
83157,0,1,225751600,0,0,99.99,0,0,-17,0,0,0,0,1
83357.112,0,1,225751800,0,0,99.99,0,0,-17,0,0,0,0,1
83557.146,0,1,225752000,0,0,99.99,0,0,-17,0,0,0,0,1
83757.134,0,1,225752200,0,0,99.99,0,0,-17,0,0,0,0,1
83957.065,0,1,225752400,0,0,99.99,0,0,-17,0,0,0,0,1
84157.082,0,1,225752600,0,0,99.99,0,0,-17,0,0,0,0,1
84357.028,0,1,225752800,0,0,99.99,0,0,-17,0,0,0,0,1
84557.081,0,1,225753000,0,0,99.99,0,0,-17,0,0,0,0,1
84757.145,0,1,225753200,0,0,99.99,0,0,-17,0,0,0,0,1
84957.032,0,1,225753400,0,0,99.99,0,0,-17,0,0,0,0,1
85157.036,0,1,225753600,0,0,99.99,0,0,-17,0,0,0,0,1
85357.086,0,1,225753800,0,0,99.99,0,0,-17,0,0,0,0,1
85557.102,0,1,225754000,0,0,99.99,0,0,-17,0,0,0,0,1
85757.132,0,1,225754200,0,0,99.99,0,0,-17,0,0,0,0,1
85957.018,0,1,225754400,0,0,99.99,0,0,-17,0,0,0,0,1
86157.02,0,1,225754600,0,0,99.99,0,0,-17,0,0,0,0,1
86357.069,0,1,225754800,0,0,99.99,0,0,-17,0,0,0,0,1
86557.074,0,1,225755000,0,0,99.99,0,0,-17,0,0,0,0,1
86757.097,0,1,225755200,0,0,99.99,0,0,-17,0,0,0,0,1
86957.061,0,1,225755400,0,0,99.99,0,0,-17,0,0,0,0,1
87157.138,0,1,225755600,0,0,99.99,0,0,-17,0,0,0,0,1
87357.091,0,1,225755800,0,0,99.99,0,0,-17,0,0,0,0,1
87557.025,0,1,225756000,0,0,99.99,0,0,-17,0,0,0,0,1
87757.163,0,1,225756200,0,0,99.99,0,0,-17,0,0,0,0,1
87957.006,0,1,225756400,0,0,99.99,0,0,-17,0,0,0,0,1
88157.111,0,1,225756600,0,0,99.99,0,0,-17,0,0,0,0,1
88357.169,0,1,225756800,0,0,99.99,0,0,-17,0,0,0,0,1
88557.065,0,1,225757000,0,0,99.99,0,0,-17,0,0,0,0,1
88757.138,0,1,225757200,0,0,99.99,0,0,-17,0,0,0,0,1
88957.054,0,1,225757400,0,0,99.99,0,0,-17,0,0,0,0,1
89156.983,0,1,225757600,0,0,99.99,0,0,-17,0,0,0,0,1
89357.052,0,1,225757800,0,0,99.99,0,0,-17,0,0,0,0,1
89557.022,0,1,225758000,0,0,99.99,0,0,-17,0,0,0,0,1
89757.082,0,1,225758200,0,0,99.99,0,0,-17,0,0,0,0,1
89957.126,0,1,225758400,0,0,99.99,0,0,-17,0,0,0,0,1
90157.142,0,1,225758600,0,0,99.99,0,0,-17,0,0,0,0,1
90357.125,0,1,225758800,0,0,99.99,0,0,-17,0,0,0,0,1
90557.08,0,1,225759000,0,0,99.99,0,0,-17,0,0,0,0,1
90757.043,0,1,225759200,0,0,99.99,0,0,-17,0,0,0,0,1
90956.979,0,1,225759400,0,0,99.99,0,0,-17,0,0,0,0,1
91157.04,0,1,225759600,0,0,99.99,0,0,-17,0,0,0,0,1
91357.092,0,1,225759800,0,0,99.99,0,0,-17,0,0,0,0,1
91557.045,0,1,225760000,0,0,99.99,0,0,-17,0,0,0,0,1
91757.129,0,1,225760200,0,0,99.99,0,0,-17,0,0,0,0,1
91957.219,0,1,225760400,0,0,99.99,0,0,-17,0,0,0,0,1
92157.03,0,1,225760600,0,0,99.99,0,0,-17,0,0,0,0,1
92356.942,0,1,225760800,0,0,99.99,0,0,-17,0,0,0,0,1
92556.983,0,1,225761000,0,0,99.99,0,0,-17,0,0,0,0,1
92757.055,0,1,225761200,0,0,99.99,0,0,-17,0,0,0,0,1
92957.129,0,1,225761400,0,0,99.99,0,0,-17,0,0,0,0,1
93157.059,0,1,225761600,0,0,99.99,0,0,-17,0,0,0,0,1
93357.076,0,1,225761800,0,0,99.99,0,0,-17,0,0,0,0,1
93557.12,0,1,225762000,0,0,99.99,0,0,-17,0,0,0,0,1
93757.174,0,1,225762200,0,0,99.99,0,0,-17,0,0,0,0,1
93957.034,0,1,225762400,0,0,99.99,0,0,-17,0,0,0,0,1
94157.033,0,1,225762600,0,0,99.99,0,0,-17,0,0,0,0,1
94357.039,0,1,225762800,0,0,99.99,0,0,-17,0,0,0,0,1
94557.016,0,1,225763000,0,0,99.99,0,0,-17,0,0,0,0,1
94757.081,0,1,225763200,0,0,99.99,0,0,-17,0,0,0,0,1
94957.11,0,1,225763400,0,0,99.99,0,0,-17,0,0,0,0,1
95157.104,0,1,225763600,0,0,99.99,0,0,-17,0,0,0,0,1
95357.052,0,1,225763800,0,0,99.99,0,0,-17,0,0,0,0,1
95557.063,0,1,225764000,0,0,99.99,0,0,-17,0,0,0,0,1
95757.039,0,1,225764200,0,0,99.99,0,0,-17,0,0,0,0,1
95957.061,0,1,225764400,0,0,99.99,0,0,-17,0,0,0,0,1
96157.239,0,1,225764600,0,0,99.99,0,0,-17,0,0,0,0,1
96357.089,0,1,225764800,0,0,99.99,0,0,-17,0,0,0,0,1
96557.119,0,1,225765000,0,0,99.99,0,0,-17,0,0,0,0,1
96757.13,0,1,225765200,0,0,99.99,0,0,-17,0,0,0,0,1
96957.004,0,1,225765400,0,0,99.99,0,0,-17,0,0,0,0,1
97157.05,0,1,225765600,0,0,99.99,0,0,-17,0,0,0,0,1
97357.116,0,1,225765800,0,0,99.99,0,0,-17,0,0,0,0,1
97557.089,0,1,225766000,0,0,99.99,0,0,-17,0,0,0,0,1
97757.153,0,1,225766200,0,0,99.99,0,0,-17,0,0,0,0,1
97957.063,0,1,225766400,0,0,99.99,0,0,-17,0,0,0,0,1
98157.115,0,1,225766600,0,0,99.99,0,0,-17,0,0,0,0,1
98357.129,0,1,225766800,0,0,99.99,0,0,-17,0,0,0,0,1
98556.974,0,1,225767000,0,0,99.99,0,0,-17,0,0,0,0,1
98757.19,0,1,225767200,0,0,99.99,0,0,-17,0,0,0,0,1
98957.067,0,1,225767400,0,0,99.99,0,0,-17,0,0,0,0,1
99157.113,0,1,225767600,0,0,99.99,0,0,-17,0,0,0,0,1
99357.097,0,1,225767800,0,0,99.99,0,0,-17,0,0,0,0,1
99557.116,0,1,225768000,0,0,99.99,0,0,-17,0,0,0,0,1
99757.108,0,1,225768200,0,0,99.99,0,0,-17,0,0,0,0,1
99956.996,0,1,225768400,0,0,99.99,0,0,-17,0,0,0,0,1
100157.016,0,1,225768600,0,0,99.99,0,0,-17,0,0,0,0,1
100357.069,0,1,225768800,0,0,99.99,0,0,-17,0,0,0,0,1
100557.052,0,1,225769000,0,0,99.99,0,0,-17,0,0,0,0,1
100757.104,0,1,225769200,0,0,99.99,0,0,-17,0,0,0,0,1
100957.094,0,1,225769400,0,0,99.99,0,0,-17,0,0,0,0,1
101157.112,0,1,225769600,0,0,99.99,0,0,-17,0,0,0,0,1
101357.113,0,1,225769800,0,0,99.99,0,0,-17,0,0,0,0,1
101557.017,0,1,225770000,0,0,99.99,0,0,-17,0,0,0,0,1
101757.02,0,1,225770200,0,0,99.99,0,0,-17,0,0,0,0,1
101957.012,0,1,225770400,0,0,99.99,0,0,-17,0,0,0,0,1
102157.048,0,1,225770600,0,0,99.99,0,0,-17,0,0,0,0,1
102357.042,0,1,225770800,0,0,99.99,0,0,-17,0,0,0,0,1
102557.065,0,1,225771000,0,0,99.99,0,0,-17,0,0,0,0,1
102757.147,0,1,225771200,0,0,99.99,0,0,-17,0,0,0,0,1
102957.018,0,1,225771400,0,0,99.99,0,0,-17,0,0,0,0,1
103157.025,0,1,225771600,0,0,99.99,0,0,-17,0,0,0,0,1
103357.041,0,1,225771800,0,0,99.99,0,0,-17,0,0,0,0,1
103557.018,0,1,225772000,0,0,99.99,0,0,-17,0,0,0,0,1
103757.059,0,1,225772200,0,0,99.99,0,0,-17,0,0,0,0,1
103957.111,0,1,225772400,0,0,99.99,0,0,-17,0,0,0,0,1
104157.095,0,1,225772600,0,0,99.99,0,0,-17,0,0,0,0,1
104357.145,0,1,225772800,0,0,99.99,0,0,-17,0,0,0,0,1
104557.198,0,1,225773000,0,0,99.99,0,0,-17,0,0,0,0,1
104757.025,0,1,225773200,0,0,99.99,0,0,-17,0,0,0,0,1
104956.969,0,1,225773400,0,0,99.99,0,0,-17,0,0,0,0,1
105157.028,0,1,225773600,0,0,99.99,0,0,-17,0,0,0,0,1
105357.061,0,1,225773800,0,0,99.99,0,0,-17,0,0,0,0,1
105557.076,0,1,225774000,0,0,99.99,0,0,-17,0,0,0,0,1
105757.066,0,1,225774200,0,0,99.99,0,0,-17,0,0,0,0,1
105957.08,0,1,225774400,0,0,99.99,0,0,-17,0,0,0,0,1
106157.087,0,1,225774600,0,0,99.99,0,0,-17,0,0,0,0,1
106357.059,0,1,225774800,0,0,99.99,0,0,-17,0,0,0,0,1
106557.045,0,1,225775000,0,0,99.99,0,0,-17,0,0,0,0,1
106757.052,0,1,225775200,0,0,99.99,0,0,-17,0,0,0,0,1
106957.016,0,1,225775400,0,0,99.99,0,0,-17,0,0,0,0,1
107157.073,0,1,225775600,0,0,99.99,0,0,-17,0,0,0,0,1
107357.079,0,1,225775800,0,0,99.99,0,0,-17,0,0,0,0,1
107557.097,0,1,225776000,0,0,99.99,0,0,-17,0,0,0,0,1
107757.046,0,1,225776200,0,0,99.99,0,0,-17,0,0,0,0,1
107957.162,0,1,225776400,0,0,99.99,0,0,-17,0,0,0,0,1
108157.138,0,1,225776600,0,0,99.99,0,0,-17,0,0,0,0,1
108357.033,0,1,225776800,0,0,99.99,0,0,-17,0,0,0,0,1
108557.022,0,1,225777000,0,0,99.99,0,0,-17,0,0,0,0,1
108757.203,0,1,225777200,0,0,99.99,0,0,-17,0,0,0,0,1
108957.087,0,1,225777400,0,0,99.99,0,0,-17,0,0,0,0,1
109157.082,0,1,225777600,0,0,99.99,0,0,-17,0,0,0,0,1
109356.949,0,1,225777800,0,0,99.99,0,0,-17,0,0,0,0,1
109556.944,0,1,225778000,0,0,99.99,0,0,-17,0,0,0,0,1
109757.046,0,1,225778200,0,0,99.99,150836031,-338748624,1435.67,0,0,0,0,1
109957.074,0,1,225778400,0,0,99.99,150833939,-338746899,1435.63,0,0,0,0,1
110157.055,0,1,225778600,0,0,99.99,150831847,-338745174,1435.59,0,0,0,0,1
110357.087,0,1,225778800,0,0,99.99,150829756,-338743449,1435.55,0,0,0,0,1
110557.077,0,1,225779000,0,0,99.99,150827664,-338741725,1435.51,0,0,0,0,1
110757.045,0,1,225779200,0,0,99.99,150825572,-338740000,1435.47,0,0,0,0,1
110956.984,0,1,225779400,0,0,99.99,150823480,-338738275,1435.43,0,0,0,0,1
111156.95,0,1,225779600,0,0,99.99,150821388,-338736550,1435.4,0,0,0,0,1
111357.037,0,1,225779800,0,0,99.99,150819295,-338734825,1435.36,0,0,0,0,1
111557.066,0,1,225780000,0,0,99.99,150817203,-338733100,1435.32,0,0,0,0,1
111757.148,0,1,225780200,0,0,99.99,150815111,-338731376,1435.28,0,0,0,0,1
111957.086,0,1,225780400,0,0,99.99,150813019,-338729651,1435.24,0,0,0,0,1
112157.057,0,1,225780600,0,0,99.99,150810926,-338727926,1435.2,0,0,0,0,1
112357.058,0,1,225780800,0,0,99.99,150808834,-338726201,1435.16,0,0,0,0,1
112556.967,0,1,225781000,0,0,99.99,150806741,-338724476,1435.12,0,0,0,0,1
112756.986,0,1,225781200,0,0,99.99,151399238,-340819506,1446.59,0,0,0,0,1
112957.061,0,1,225781400,0,0,99.99,150802556,-338721027,1435.04,0,0,0,0,1
113157.051,0,1,225781600,0,0,99.99,150800464,-338719302,1435,0,0,0,0,1
113357.134,0,1,225781800,0,0,99.99,151393683,-340814260,1446.49,0,0,0,0,1
113557.145,0,1,225782000,0,0,99.99,151391831,-340812512,1446.45,0,0,0,0,1
113757.075,0,1,225782200,0,0,99.99,150794186,-338714128,1434.89,0,0,0,0,1
113957.021,0,1,225782400,0,0,99.99,150792093,-338712403,1434.85,0,0,0,0,1
114156.937,0,1,225782600,0,0,99.99,150790000,-338710679,1434.81,0,0,0,0,1
114357.043,0,1,225782800,0,0,99.99,150787907,-338708954,1434.77,0,0,0,0,1
114557.041,0,1,225783000,0,0,99.99,150785814,-338707229,1434.73,0,0,0,0,1
114757.11,0,1,225783200,0,0,99.99,150783721,-338705504,1434.69,0,0,0,0,1
114957.055,0,1,225783400,0,0,99.99,150781628,-338703780,1434.65,0,0,0,0,1
115157.069,0,1,225783600,0,0,99.99,150779535,-338702055,1434.61,0,0,0,0,1
115357.145,0,1,225783800,0,0,99.99,150777441,-338700330,1434.57,0,0,0,0,1
115557.152,0,1,225784000,0,0,99.99,150775348,-338698606,1434.53,0,0,0,0,1
115756.935,0,1,225784200,0,0,99.99,151411979,-340935574,1446.85,0,0,0,0,1
115957.059,0,1,225784400,0,0,99.99,151410143,-340933824,1446.82,0,0,0,0,1
116157.008,0,1,225784600,0,0,99.99,150769068,-338693432,1434.42,0,0,0,0,1
116357.034,0,1,225784800,0,0,99.99,151365900,-340788034,1445.96,0,0,0,0,1
116557.102,0,1,225785000,0,0,99.99,151404634,-340928574,1446.72,0,0,0,0,1
116757.066,0,1,225785200,0,0,99.99,151402798,-340926824,1446.68,0,0,0,0,1
116957.11,0,1,225785400,0,0,99.99,151400961,-340925074,1446.65,0,0,0,0,1
117157.086,0,1,225785600,0,0,99.99,151399125,-340923324,1446.61,0,0,0,0,1
117357.017,0,1,225785800,0,0,99.99,150923484,-339265531,1437.41,0,0,0,0,1
117557.001,0,1,225786000,0,0,99.99,151469372,-341178530,1447.98,0,0,0,0,1
117777.119,0,2,225786199,0,3,32,391844532,-768257357,128.64,0.25,0,0,0,1
117957.034,0,2,225786399,0,3,31.97,391848246,-768259851,128.66,0.3230000138282776,0,0,0,1
118157.052,0,2,225786600,0,3,31.94,391850086,-768261085,128.65,0.28600001335144043,0,0,0,1
118357.128,0,2,225786800,0,3,31.91,391851182,-768261822,128.65,0.07300000637769699,0,0,0,1
118556.97,0,2,225787000,0,3,31.88,391851913,-768262310,128.65,0.16300000250339508,0,0,0,1
118757.024,0,2,225787200,0,3,31.84,391852426,-768262657,128.66,0.021000001579523087,0,0,0,1
118957.027,0,2,225787400,0,3,31.81,391852819,-768262920,128.67,0.006000000052154064,0,0,0,1
119157.003,0,2,225787600,0,3,31.78,391853135,-768263129,128.7,0.08800000697374344,0,0,0,1
119357.051,0,2,225787800,0,3,31.74,391853389,-768263299,128.7,0.20600001513957977,0,0,0,1
119557.031,0,2,225788000,0,3,31.71,391853614,-768263451,128.72,0.0990000069141388,0,0,0,1
119757.059,0,2,225788200,0,3,31.68,391853787,-768263569,128.73,0.31700000166893005,0,0,0,1
119957.097,0,2,225788400,0,3,31.65,391853927,-768263663,128.72,0.18300001323223114,0,0,0,1
120157.007,0,2,225788600,0,3,31.61,391854086,-768263758,128.51,0.2200000137090683,0,0,0,1
120356.965,0,2,225788800,0,3,31.58,391854332,-768263862,127.11,0.22100001573562622,0,0,0,1
120556.969,0,2,225789000,0,3,31.55,391854579,-768264030,127.2,0.17600001394748688,0,0,0,1
120757.056,0,2,225789200,0,3,31.52,391854820,-768264174,126.9,0.22300000488758087,0,0,0,1
120957.025,0,2,225789400,0,3,31.48,391855083,-768264321,126.3,0.20600001513957977,0,0,0,1
121157.058,0,2,225789600,0,3,31.45,391855339,-768264500,126.57,0.15200001001358032,0,0,0,1
121357.214,0,2,225789800,0,3,31.42,391855567,-768264647,126.49,0.22600001096725464,0,0,0,1
121556.953,0,2,225790000,0,3,31.39,391855802,-768264791,126.3,0.25,0,0,0,1
121757.036,0,2,225790200,0,3,31.36,391856030,-768264936,126.12,0.2680000066757202,0,0,0,1
121956.985,0,2,225790400,0,3,31.32,391856264,-768265089,126.19,0.2120000123977661,0,0,0,1
122156.967,0,2,225790600,0,3,31.29,391856490,-768265228,125.89,0.22300000488758087,0,0,0,1
122357.087,0,2,225790800,0,3,31.26,391856711,-768265360,125.51,0.23900000751018524,0,0,0,1
122557.024,0,2,225791000,0,3,31.23,391856915,-768265488,125.26,0.30300000309944153,0,0,0,1
122757.048,0,2,225791200,0,3,31.2,391857130,-768265620,125.04,0.29500001668930054,0,0,0,1
122957.031,0,2,225791400,0,3,31.17,391857359,-768265742,124.41,0.24400001764297485,0,0,0,1
123157.074,0,2,225791600,0,3,31.13,391857567,-768265869,124.15,0.3110000193119049,0,0,0,1
123356.991,0,2,225791800,0,3,31.1,391857782,-768266019,124.36,0.28600001335144043,0,0,0,1
123556.917,0,2,225792000,0,3,31.07,391857993,-768266151,124.22,0.2880000174045563,0,0,0,1
123756.966,0,2,225792200,0,3,31.04,391858205,-768266295,124.4,0.2680000066757202,0,0,0,1
123957.025,0,2,225792400,0,3,31.01,391858384,-768266428,124.68,0.33400002121925354,0,0,0,1
124157.009,0,2,225792600,0,3,30.98,391858581,-768266546,124.44,0.2990000247955322,0,0,0,1
124357.088,0,2,225792800,0,3,30.95,391858775,-768266644,123.72,0.3050000071525574,0,0,0,1
124556.955,0,2,225793000,0,3,30.91,391858377,-768266579,128.31,0.33500000834465027,0,0,0,1
124757.004,0,2,225793200,0,3,30.88,391858087,-768266390,128.39,0.33100003004074097,0,0,0,1
124957.006,0,2,225793400,0,3,30.85,391857859,-768266245,128.45,0.3960000276565552,0,0,0,1
125157.056,0,2,225793600,0,3,30.82,391857704,-768266139,128.52,0.36000001430511475,0,0,0,1
125356.979,0,2,225793800,0,3,30.79,391857592,-768266065,128.57,0.35600000619888306,0,-0.0010000000474974513,0,1
125557.066,0,2,225794000,0,3,30.76,391857523,-768266022,128.62,0.3370000123977661,0,0,0,1
125757.032,0,2,225794200,0,3,30.73,391857475,-768265995,128.66,0.4480000138282776,158.3470916748047,0.0010000000474974513,0,1
125957.047,0,2,225794400,0,3,30.7,391857425,-768265963,128.68,0.40700000524520874,146.8662109375,0,0,1
126157.126,0,2,225794600,0,3,30.67,391857355,-768265916,128.66,0.39500001072883606,154.75978088378906,0.0010000000474974513,0,1
126357.038,0,2,225794800,0,3,30.64,391857293,-768265880,128.66,0.4090000092983246,150.70179748535156,0,0,1
126557.003,0,2,225795000,0,3,30.6,391857226,-768265835,128.66,0.36900001764297485,155.01695251464844,0.0010000000474974513,0,1
126756.933,0,2,225795200,0,3,30.57,391857152,-768265783,128.65,0.3960000276565552,154.356689453125,0,0,1
126957.01,0,2,225795400,0,3,30.54,391857144,-768265778,128.72,0.3790000081062317,155.61793518066406,0,0,1
127157.055,0,2,225795600,0,3,30.51,391857171,-768265800,128.78,0.41700002551078796,151.40829467773438,0,0,1
127357.015,0,2,225795800,0,3,30.48,391857197,-768265820,128.81,0.398000031709671,153.5596160888672,0,0,1
127557.019,0,2,225796000,0,3,30.45,391857221,-768265838,128.82,0.39400002360343933,153.5596160888672,-0.0010000000474974513,0,1
127757.092,0,2,225796200,0,3,30.42,391857287,-768265884,128.88,0.4230000078678131,155.7692108154297,0,0,1
127957.129,0,2,225796400,0,3,30.39,391857350,-768265925,128.92,0.38600000739097595,155.7692108154297,0,0,1
128157.027,0,2,225796600,0,3,30.36,391857435,-768265985,128.95,0.4410000145435333,158.51573181152344,0,0,1
128356.963,0,2,225796800,0,3,30.33,391857507,-768266030,128.96,0.42500001192092896,157.1782684326172,0.0010000000474974513,0,1
128556.931,0,2,225797000,0,3,30.3,391857603,-768266099,129,0.4690000116825104,155.47731018066406,0,0,1
128757.059,0,2,225797200,0,3,30.27,391857692,-768266158,129.01,0.4930000305175781,155.14349365234375,0,0,1
128957.026,0,2,225797400,0,3,30.24,391857775,-768266210,129.02,0.4620000123977661,155.57440185546875,0,0,1
129157.065,0,2,225797600,0,3,30.21,391857857,-768266265,129.01,0.44600000977516174,154.997802734375,0.0010000000474974513,0,1
129357.072,0,2,225797800,0,3,30.18,391857953,-768266331,129.03,0.45600003004074097,155.52525329589844,0.003000000026077032,0,1
129556.974,0,2,225798000,0,3,30.15,391858034,-768266385,129.02,0.45100003480911255,155.3545379638672,0,0,1
129757.228,0,2,225798200,0,3,30.12,391858118,-768266440,129.03,0.46300002932548523,155.92657470703125,0.0010000000474974513,0,1
129956.963,0,2,225798400,0,3,30.09,391858222,-768266503,129.07,0.40800002217292786,151.30368041992188,0.0020000000949949026,0,1
130156.984,0,2,225798600,0,3,30.06,391858337,-768266581,129.09,0.44700002670288086,154.8666534423828,0,0,1
130357.061,0,2,225798800,0,3,30.04,391858447,-768266650,129.11,0.3890000283718109,154.8666534423828,0,0,1
130557.056,0,2,225799000,0,3,30.01,391858566,-768266727,129.12,0.39400002360343933,154.8666534423828,0,0,1
130757.115,0,2,225799200,0,3,29.98,391858693,-768266810,129.14,0.43700000643730164,151.62269592285156,0,0,1
130957.072,0,2,225799400,0,3,29.95,391858844,-768266911,129.19,0.49400001764297485,154.4341583251953,0,0,1
131157.001,0,2,225799600,0,3,29.92,391858961,-768266985,129.17,0.4440000355243683,153.11492919921875,0,0,1
131356.982,0,2,225799800,0,3,29.89,391859095,-768267077,129.18,0.5160000324249268,159.33995056152344,0,0,1
131556.992,0,2,225800000,0,3,29.86,391859223,-768267163,129.18,0.5080000162124634,152.38136291503906,0.0010000000474974513,0,1
131757.057,0,2,225800200,0,3,29.83,391859342,-768267243,129.17,0.4490000307559967,155.08871459960938,0,0,1
131957.005,0,2,225800400,0,3,29.8,391859441,-768267309,129.14,0.4660000205039978,153.5293731689453,0,0,1
132157.027,0,2,225800600,0,3,29.77,391859532,-768267368,129.12,0.48000001907348633,157.0615692138672,0.0010000000474974513,0,1
132357.084,0,2,225800800,0,3,29.74,391859622,-768267428,129.11,0.5100000500679016,157.96971130371094,0,0,1
132557.013,0,2,225801000,0,3,29.72,391859718,-768267488,129.12,0.5060000419616699,154.11367797851562,0.0020000000949949026,0,1
132757.053,0,2,225801200,0,3,29.69,391859805,-768267549,129.11,0.5080000162124634,158.01950073242188,0,0,1
132956.942,0,2,225801400,0,3,29.66,391859928,-768267634,129.16,0.5550000071525574,155.1339569091797,0.0010000000474974513,0,1
133156.962,0,2,225801600,0,3,29.63,391860052,-768267714,129.2,0.4740000367164612,154.4985809326172,0,0,1
133357.138,0,2,225801800,0,3,29.6,391860173,-768267799,129.2,0.5120000243186951,155.57936096191406,0,0,1
133557.001,0,2,225802000,0,3,29.57,391860293,-768267875,129.21,0.4830000102519989,154.4783172607422,0,0,1
133757.078,0,2,225802200,0,3,29.54,391860427,-768267964,129.24,0.5060000419616699,154.60179138183594,0,0,1
133957.173,0,2,225802400,0,3,29.52,391860575,-768268060,129.27,0.5010000467300415,151.9569549560547,0,0,1
134157.081,0,2,225802600,0,3,29.49,391860716,-768268152,129.28,0.5760000348091125,152.1913604736328,0,0,1
134357.021,0,2,225802800,0,3,29.46,391860862,-768268249,129.29,0.5490000247955322,153.41796875,0,0,1
134556.937,0,2,225803000,0,3,29.43,391861019,-768268352,129.32,0.5980000495910645,151.61766052246094,0.0010000000474974513,0,1
134756.988,0,2,225803200,0,3,29.4,391861173,-768268459,129.33,0.5870000123977661,155.57223510742188,0,0,1
134957.037,0,2,225803400,0,3,29.38,391861353,-768268579,129.38,0.5820000171661377,153.34780883789062,0.0010000000474974513,0,1
135157.08,0,2,225803600,0,3,29.35,391861538,-768268703,129.41,0.6630000472068787,154.0079803466797,0,0,1
135357.059,0,2,225803800,0,3,29.32,391861733,-768268834,129.46,0.6700000166893005,154.603759765625,0,0,1
135556.978,0,2,225804000,0,3,29.29,391861904,-768268946,129.44,0.687000036239624,152.34934997558594,-0.0010000000474974513,0,1
135757.027,0,2,225804200,0,3,29.26,391862079,-768269063,129.43,0.7130000591278076,153.26528930664062,0,0,1
135956.98,0,2,225804400,0,3,29.24,391862257,-768269180,129.45,0.7440000176429749,150.50820922851562,0,0,1
136156.985,0,2,225804600,0,3,29.21,391862445,-768269305,129.47,0.7310000061988831,152.09523010253906,0,0,1
136357,0,2,225804800,0,3,29.18,391862624,-768269423,129.48,0.7040000557899475,154.4701385498047,0,0,1
136557.004,0,2,225805000,0,3,29.15,391862790,-768269534,129.46,0.7300000190734863,155.1160125732422,0,0,1
136757.057,0,2,225805200,0,3,29.13,391862953,-768269643,129.44,0.7460000514984131,155.66824340820312,0,0,1
136957.108,0,2,225805400,0,3,29.1,391863129,-768269762,129.47,0.7130000591278076,155.4787139892578,0,0,1
137157.06,0,2,225805600,0,3,29.07,391863314,-768269888,129.49,0.7260000109672546,153.84384155273438,0.0010000000474974513,0,1
137357.111,0,2,225805800,0,3,29.04,391863524,-768270028,129.56,0.6450000405311584,153.67662048339844,0,0,1
137556.967,0,2,225806000,0,3,29.02,391863728,-768270166,129.57,0.7070000171661377,155.78793334960938,0.0020000000949949026,0,1
137756.988,0,2,225806200,0,3,28.99,391863924,-768270289,129.58,0.6660000085830688,149.84825134277344,0.0020000000949949026,0,1
137956.976,0,2,225806400,0,3,28.96,391864124,-768270418,129.6,0.6390000581741333,151.1647491455078,0,0,1
138157.198,0,2,225806600,0,3,28.93,391864311,-768270540,129.58,0.703000009059906,156.4512176513672,-0.0010000000474974513,0,1
138357.054,0,2,225806800,0,3,28.91,391864500,-768270664,129.57,0.7070000171661377,153.0045166015625,0,0,1
138557.029,0,2,225807000,0,3,28.88,391864675,-768270785,129.54,0.8010000586509705,160.66136169433594,0.0010000000474974513,0,1
138757.137,0,2,225807200,0,3,28.85,391864836,-768270890,129.51,0.7440000176429749,154.97943115234375,0.0010000000474974513,0,1
138956.985,0,2,225807400,0,3,28.83,391864999,-768270997,129.5,0.7270000576972961,152.2295379638672,0.004000000189989805,0,1
139157.037,0,2,225807600,0,3,28.8,391865159,-768271107,129.49,0.7240000367164612,153.90371704101562,0.0010000000474974513,0,1
139357.057,0,2,225807800,0,3,28.77,391865302,-768271199,129.47,0.7440000176429749,152.18907165527344,0,0,1
139556.956,0,2,225808000,0,3,28.74,391865455,-768271305,129.46,0.8180000185966492,152.93991088867188,0.0010000000474974513,0,1
139757.114,0,2,225808200,0,3,28.72,391844749,-768257224,127.12,0.7950000166893005,153.25698852539062,0,0,1
139957.008,0,2,225808400,0,3,28.68,391843872,-768256670,127.91,0.8110000491142273,157.2736358642578,0,0,1
140157.07,0,2,225808600,0,3,28.65,391843495,-768256430,128.32,0.7700000405311584,153.839599609375,-0.0010000000474974513,0,1
140357.006,0,2,225808800,0,3,28.63,391843268,-768256289,128.57,0.8220000267028809,157.61386108398438,-0.0020000000949949026,0,1
140557.016,0,2,225809000,0,3,28.6,391843143,-768256209,128.73,0.7640000581741333,155.76361083984375,-0.0010000000474974513,0,1
140757.019,0,2,225809200,0,3,28.57,391843087,-768256172,128.88,0.6620000600814819,155.56781005859375,-0.003000000026077032,0,1
140956.975,0,2,225809400,0,3,28.55,391843033,-768256137,128.94,0.6860000491142273,154.78155517578125,-0.0010000000474974513,0,1
141157.032,0,2,225809600,0,3,28.52,391843007,-768256119,129.02,0.6190000176429749,155.37855529785156,-0.003000000026077032,0,1
141357.08,0,2,225809800,0,3,28.49,391842982,-768256102,129.04,0.6050000190734863,153.62091064453125,-0.004000000189989805,0,1
141557.023,0,2,225810000,0,3,28.47,391842971,-768256094,129.12,0.578000009059906,154.69973754882812,-0.0010000000474974513,0,1
141757.132,0,2,225810200,0,3,28.44,391842971,-768256091,129.12,0.48000001907348633,153.83010864257812,-0.0010000000474974513,0,1
141957.038,0,2,225810400,0,3,28.41,391842968,-768256087,129.15,0.4650000333786011,150.97503662109375,-0.0010000000474974513,0,1
142157.005,0,2,225810600,0,3,28.39,391842958,-768256082,129.14,0.5090000033378601,156.25379943847656,-0.0020000000949949026,0,1
142357.107,0,2,225810800,0,3,28.36,391842969,-768256087,129.12,0.4000000059604645,154.6904296875,-0.0010000000474974513,0,1
142556.953,0,2,225811000,0,3,28.33,391842970,-768256087,129.12,0.3760000169277191,154.6904296875,0,0,1
142757.035,0,2,225811200,0,3,28.31,391842979,-768256092,129.14,0.3140000104904175,154.6904296875,0,0,1
142957.026,0,2,225811400,0,3,28.28,391842990,-768256097,129.17,0.25699999928474426,154.6904296875,-0.0010000000474974513,0,1
143157.074,0,2,225811600,0,3,28.26,391842998,-768256102,129.21,0.23000000417232513,154.6904296875,0,0,1
143357.101,0,2,225811800,0,3,28.23,391843009,-768256107,129.18,0.1730000078678131,154.6904296875,0,0,1
143556.978,0,2,225812000,0,3,28.2,391843022,-768256114,129.16,0.13300000131130219,154.6904296875,-0.0010000000474974513,0,1
143756.948,0,2,225812200,0,3,28.18,391843036,-768256122,129.14,0.12700000405311584,154.6904296875,-0.003000000026077032,0,1
143957.012,0,2,225812400,0,3,28.15,391843047,-768256127,129.16,0.08500000089406967,154.6904296875,-0.003000000026077032,0,1
144157.047,0,2,225812600,0,3,28.13,391843053,-768256131,129.15,0.10900000482797623,154.6904296875,0,0,1
144357.07,0,2,225812800,0,3,28.1,391843061,-768256135,129.16,0.09600000083446503,154.6904296875,0.0010000000474974513,0,1
144557.012,0,2,225813000,0,3,28.08,391843078,-768256145,129.17,0.07500000298023224,154.6904296875,-0.0010000000474974513,0,1
144757.07,0,2,225813200,0,3,28.05,391843088,-768256152,129.19,0.10600000619888306,154.6904296875,0,0,1
144957.066,0,2,225813400,0,3,28.02,391843086,-768256151,129.16,0.1380000114440918,154.6904296875,0.0010000000474974513,0,1
145157.046,0,2,225813600,0,3,28,391843089,-768256155,129.2,0.164000004529953,154.6904296875,0,0,1
145356.915,0,2,225813800,0,3,27.97,391843107,-768256165,129.16,0.0650000050663948,154.6904296875,-0.0010000000474974513,0,1
145556.981,0,2,225814000,0,3,27.95,391843105,-768256163,129.18,0.09400000423192978,154.6904296875,0.0010000000474974513,0,1
145757.043,0,2,225814200,0,3,27.92,391843115,-768256167,129.15,0.049000002443790436,154.6904296875,0,0,1
145957.075,0,2,225814400,0,3,27.9,391843117,-768256170,129.14,0.10600000619888306,154.6904296875,0,0,1
146157.045,0,2,225814600,0,3,27.87,391843120,-768256170,129.15,0.10000000149011612,154.6904296875,0,0,1
146357.071,0,2,225814800,0,3,27.85,391843129,-768256174,129.12,0.0860000029206276,154.6904296875,0,0,1
146557.158,0,2,225815000,0,3,27.82,391843138,-768256179,129.11,0.0950000062584877,154.6904296875,-0.0020000000949949026,0,1
146757.011,0,2,225815200,0,3,27.8,391843143,-768256184,129.17,0.11900000274181366,154.6904296875,0,0,1
146956.996,0,2,225815400,0,3,27.77,391843159,-768256190,129.16,0.05400000140070915,154.6904296875,0,0,1
147156.967,0,2,225815600,0,3,27.75,391843179,-768256200,129.19,0.052000001072883606,154.6904296875,-0.0020000000949949026,0,1
147357,0,2,225815800,0,3,27.72,391843172,-768256198,129.2,0.09100000560283661,154.6904296875,-0.0020000000949949026,0,1
147557.029,0,2,225816000,0,3,27.7,391843191,-768256207,129.18,0.03100000135600567,154.6904296875,0,0,1
147757.139,0,2,225816200,0,3,27.67,391843199,-768256212,129.1,0.055000003427267075,154.6904296875,-0.0010000000474974513,0,1
147957.018,0,2,225816400,0,3,27.65,391843215,-768256220,129.1,0.026000000536441803,154.6904296875,-0.0010000000474974513,0,1
148157.089,0,2,225816600,0,3,27.62,391843223,-768256226,129.09,0.026000000536441803,154.6904296875,0,0,1
148356.986,0,2,225816800,0,3,27.6,391843243,-768256236,129.15,0.04200000315904617,154.6904296875,-0.0010000000474974513,0,1
148556.907,0,2,225817000,0,3,27.57,391843257,-768256245,129.14,0.052000001072883606,154.6904296875,0,0,1
148757.018,0,2,225817200,0,3,27.55,391843273,-768256254,129.1,0.04100000113248825,154.6904296875,0,0,1
148957.028,0,2,225817400,0,3,27.52,391843294,-768256267,129.13,0.0560000017285347,154.6904296875,0,0,1
149157.029,0,2,225817600,0,3,27.5,391843311,-768256277,129.15,0.05900000408291817,154.6904296875,-0.0010000000474974513,0,1
149357.068,0,2,225817800,0,3,27.47,391843317,-768256281,129.08,0.024000000208616257,154.6904296875,0,0,1
149557.115,0,2,225818000,0,3,27.45,391843336,-768256292,129.09,0.09600000083446503,154.6904296875,0,0,1
149757.045,0,2,225818200,0,3,27.42,391843351,-768256301,129.12,0.1210000067949295,154.6904296875,0,0,1
149957.006,0,2,225818400,0,3,27.4,391843356,-768256305,129.13,0.06599999964237213,154.6904296875,0.0010000000474974513,0,1
150156.943,0,2,225818600,0,3,27.37,391843370,-768256311,129.12,0.13100001215934753,154.6904296875,0.003000000026077032,0,1
150357.016,0,2,225818800,0,3,27.35,391843383,-768256321,129.1,0.11700000613927841,154.6904296875,0,0,1
150557.028,0,2,225819000,0,3,27.33,391843399,-768256329,129.07,0.09700000286102295,154.6904296875,-0.0010000000474974513,0,1
150757.18,0,2,225819200,0,3,27.3,391843417,-768256340,129.06,0.12000000476837158,154.6904296875,-0.0020000000949949026,0,1
150957.051,0,2,225819400,0,3,27.28,391843424,-768256342,129.02,0.10000000149011612,154.6904296875,0,0,1
151157.123,0,2,225819600,0,3,27.25,391843440,-768256354,129.02,0.0950000062584877,154.6904296875,0,0,1
151357.134,0,2,225819800,0,3,27.23,391843450,-768256360,129,0.07800000160932541,154.6904296875,0,0,1
151556.944,0,2,225820000,0,3,27.21,391843459,-768256366,128.96,0.0560000017285347,154.6904296875,0.0010000000474974513,0,1
151756.961,0,2,225820200,0,3,27.18,391843471,-768256373,128.95,0.03800000250339508,154.6904296875,0,0,1
151957.009,0,2,225820400,0,3,27.16,391843475,-768256378,128.92,0.05400000140070915,154.6904296875,0,0,1
152157.05,0,2,225820600,0,3,27.13,391843476,-768256382,128.9,0.1290000081062317,154.6904296875,0,0,1
152357.109,0,2,225820800,0,3,27.11,391843490,-768256390,128.9,0.05900000408291817,154.6904296875,0,0,1
152557.037,0,2,225821000,0,3,27.09,391843518,-768256404,128.86,0.1120000034570694,154.6904296875,-0.0010000000474974513,0,1
152757.075,0,2,225821200,0,3,27.06,391843523,-768256409,128.86,0.0430000014603138,154.6904296875,-0.0010000000474974513,0,1
152957.014,0,2,225821400,0,3,27.04,391843535,-768256415,128.88,0.027000000700354576,154.6904296875,-0.0010000000474974513,0,1
153157.033,0,2,225821600,0,3,27.01,391843551,-768256426,128.87,0.018000001087784767,154.6904296875,0,0,1
153356.99,0,2,225821800,0,3,26.99,391843564,-768256434,128.8,0.04200000315904617,154.6904296875,0,0,1
153557.004,0,2,225822000,0,3,26.97,391843588,-768256447,128.81,0.12300000339746475,154.6904296875,-0.0010000000474974513,0,1
153757.01,0,2,225822200,0,3,26.94,391843598,-768256453,128.78,0.10100000351667404,154.6904296875,-0.0010000000474974513,0,1
153957.057,0,2,225822400,0,3,26.92,391843605,-768256458,128.76,0.07000000029802322,154.6904296875,0,0,1
154157.053,0,2,225822600,0,3,26.9,391843629,-768256471,128.83,0.164000004529953,154.6904296875,-0.003000000026077032,0,1
154357.124,0,2,225822800,0,3,26.87,391843640,-768256479,128.82,0.1510000079870224,154.6904296875,-0.0010000000474974513,0,1
154556.93,0,2,225823000,0,3,26.85,391843661,-768256492,128.84,0.17800000309944153,154.6904296875,0,0,1
154756.968,0,2,225823200,0,3,26.83,391843690,-768256507,128.85,0.26500001549720764,154.6904296875,0,0,1
154957.072,0,2,225823400,0,3,26.8,391843717,-768256520,128.85,0.33000001311302185,154.6904296875,0,0,1
155157.018,0,2,225823600,0,3,26.78,391843730,-768256531,128.89,0.3020000159740448,154.6904296875,0,0,1
155357.082,0,2,225823800,0,3,26.76,391843752,-768256541,128.87,0.3320000171661377,154.6904296875,0,0,1
155557.038,0,2,225824000,0,3,26.73,391843757,-768256546,128.89,0.2770000100135803,154.6904296875,0,0,1
155757.256,0,2,225824200,0,3,26.71,391843783,-768256560,128.84,0.30900001525878906,154.6904296875,0,0,1
155957.299,0,2,225824400,0,3,26.69,391843801,-768256572,128.81,0.27800002694129944,154.6904296875,-0.0010000000474974513,0,1
156157.006,0,2,225824600,0,3,26.66,391843816,-768256581,128.79,0.27000001072883606,154.6904296875,0,0,1
156356.981,0,2,225824800,0,3,26.64,391843829,-768256589,128.77,0.24700000882148743,154.6904296875,0,0,1
156556.934,0,2,225825000,0,3,26.62,391843840,-768256598,128.81,0.23600001633167267,154.6904296875,0.0010000000474974513,0,1
156757.075,0,2,225825200,0,3,26.59,391843857,-768256608,128.81,0.2750000059604645,154.6904296875,0.0020000000949949026,0,1
156957.04,0,2,225825400,0,3,26.57,391843865,-768256615,128.81,0.21800000965595245,154.6904296875,0,0,1
157156.821,0,2,225825600,0,3,26.55,391843882,-768256625,128.8,0.23500001430511475,154.6904296875,0,0,1
157356.8,0,2,225825800,0,3,26.52,391843907,-768256638,128.77,0.30400002002716064,154.6904296875,0,0,1
157556.758,0,2,225826000,0,3,26.5,391843916,-768256648,128.72,0.3100000023841858,154.6904296875,0.0020000000949949026,0,1
157756.737,0,2,225826200,0,3,26.48,391843945,-768256662,128.69,0.40300002694129944,154.6904296875,0.0010000000474974513,0,1
157956.752,0,2,225826400,0,3,26.46,391843947,-768256666,128.66,0.2460000067949295,154.6904296875,0,0,1
158156.812,0,2,225826600,0,3,26.43,391843948,-768256669,128.63,0.22100001573562622,154.6904296875,0.0020000000949949026,0,1
158356.818,0,2,225826800,0,3,26.41,391843958,-768256678,128.61,0.21400001645088196,154.6904296875,0.003000000026077032,0,1
158556.896,0,2,225827000,0,3,26.39,391843971,-768256687,128.62,0.23000000417232513,154.6904296875,0,0,1
158756.801,0,2,225827200,0,3,26.37,391843981,-768256695,128.61,0.2120000123977661,154.6904296875,0,0,1
158956.8,0,2,225827400,0,3,26.34,391843988,-768256700,128.63,0.18700000643730164,154.6904296875,0.0020000000949949026,0,1
159156.821,0,2,225827600,0,3,26.32,391843991,-768256705,128.63,0.17400000989437103,154.6904296875,0.004000000189989805,0,1
159356.738,0,2,225827800,0,3,26.3,391844002,-768256714,128.63,0.1380000114440918,154.6904296875,0.0020000000949949026,0,1
159556.761,0,2,225828000,0,3,26.28,391844015,-768256725,128.59,0.15800000727176666,154.6904296875,0,0,1
159756.815,0,2,225828200,0,3,26.25,391844020,-768256730,128.57,0.1300000101327896,154.6904296875,0.0010000000474974513,0,1
159956.885,0,2,225828400,0,3,26.23,391844020,-768256734,128.54,0.10200000554323196,154.6904296875,0,0,1
160156.823,0,2,225828600,0,3,26.21,391844011,-768256734,128.52,0.06800000369548798,154.6904296875,0.0010000000474974513,0,1
160356.786,0,2,225828800,0,3,26.19,391844007,-768256738,128.51,0.10400000214576721,154.6904296875,0.0010000000474974513,0,1
160556.77,0,2,225829000,0,3,26.16,391843998,-768256737,128.52,0.09800000488758087,154.6904296875,0,0,1
160756.77,0,2,225829200,0,3,26.14,391843996,-768256742,128.53,0.13300000131130219,154.6904296875,0.0010000000474974513,0,1
160956.755,0,2,225829400,0,3,26.12,391843997,-768256747,128.53,0.12200000882148743,154.6904296875,0.0010000000474974513,0,1
161156.764,0,2,225829600,0,3,26.1,391843988,-768256745,128.59,0.10900000482797623,154.6904296875,0.006000000052154064,0,1
161356.785,0,2,225829800,0,3,26.08,391843993,-768256752,128.59,0.11000000685453415,154.6904296875,0.005000000353902578,0,1
161556.857,0,2,225830000,0,3,26.05,391844020,-768256765,128.61,0.07000000029802322,154.6904296875,0,0,1
161756.956,0,2,225830200,0,3,26.03,391844024,-768256770,128.61,0.04700000211596489,154.6904296875,0,0,1
161956.779,0,2,225830400,0,3,26.01,391844037,-768256780,128.61,0.08000000566244125,154.6904296875,-0.0010000000474974513,0,1
162156.879,0,2,225830600,0,3,25.99,391844037,-768256781,128.59,0.09400000423192978,154.6904296875,0,0,1
162356.756,0,2,225830800,0,3,25.97,391844038,-768256784,128.57,0.0860000029206276,154.6904296875,0,0,1
162556.731,0,2,225831000,0,3,25.94,391844042,-768256789,128.6,0.07100000232458115,154.6904296875,0,0,1
162756.859,0,2,225831200,0,3,25.92,391844052,-768256798,128.61,0.06100000441074371,154.6904296875,-0.0020000000949949026,0,1
162956.804,0,2,225831400,0,3,25.9,391844059,-768256801,128.55,0.08100000023841858,154.6904296875,0,0,1
163156.826,0,2,225831600,0,3,25.88,391844081,-768256814,128.63,0.14000000059604645,154.6904296875,0,0,1
163356.897,0,2,225831800,0,3,25.86,391844103,-768256826,128.63,0.18000000715255737,154.6904296875,-0.0020000000949949026,0,1
163556.725,0,2,225832000,0,3,25.83,391844120,-768256835,128.65,0.22800001502037048,154.6904296875,-0.0020000000949949026,0,1
163756.764,0,2,225832200,0,3,25.81,391844140,-768256848,128.69,0.23400001227855682,154.6904296875,0,0,1
163956.753,0,2,225832400,0,3,25.79,391844153,-768256855,128.65,0.22800001502037048,154.6904296875,-0.0010000000474974513,0,1
164156.772,0,2,225832600,0,3,25.77,391844172,-768256865,128.67,0.24300001561641693,154.6904296875,-0.0020000000949949026,0,1
164356.793,0,2,225832800,0,3,25.75,391844193,-768256879,128.65,0.25600001215934753,154.6904296875,-0.004000000189989805,0,1
164556.738,0,2,225833000,0,3,25.73,391844195,-768256883,128.64,0.23900000751018524,154.6904296875,0,0,1
164756.765,0,2,225833200,0,3,25.71,391844199,-768256887,128.63,0.16700001060962677,154.6904296875,-0.0010000000474974513,0,1
164956.829,0,2,225833400,0,3,25.68,391844199,-768256893,128.64,0.1680000126361847,154.6904296875,0,0,1
165156.815,0,2,225833600,0,3,25.66,391844187,-768256892,128.66,0.11900000274181366,154.6904296875,0.0010000000474974513,0,1
165356.799,0,2,225833800,0,3,25.64,391844186,-768256896,128.69,0.12200000882148743,154.6904296875,0.0020000000949949026,0,1
165556.697,0,2,225834000,0,3,25.62,391844175,-768256895,128.71,0.11100000888109207,154.6904296875,0.005000000353902578,0,1
165756.782,0,2,225834200,0,3,25.6,391844181,-768256902,128.73,0.11400000751018524,154.6904296875,0,0,1
165956.8,0,2,225834400,0,3,25.58,391844195,-768256912,128.7,0.0950000062584877,154.6904296875,0.0010000000474974513,0,1
166156.743,0,2,225834600,0,3,25.56,391844212,-768256921,128.67,0.030000001192092896,154.6904296875,0,0,1
166356.791,0,2,225834800,0,3,25.53,391844224,-768256929,128.68,0.04400000348687172,154.6904296875,0,0,1
166556.825,0,2,225835000,0,3,25.51,391844240,-768256938,128.69,0.07200000435113907,154.6904296875,0,0,1
166756.805,0,2,225835200,0,3,25.49,391844248,-768256945,128.68,0.08500000089406967,154.6904296875,0,0,1
166956.775,0,2,225835400,0,3,25.47,391844261,-768256953,128.67,0.0860000029206276,154.6904296875,-0.0010000000474974513,0,1
167156.736,0,2,225835600,0,3,25.45,391844281,-768256966,128.61,0.1210000067949295,154.6904296875,0,0,1
167356.769,0,2,225835800,0,3,25.43,391844293,-768256973,128.64,0.19600000977516174,154.6904296875,0.0010000000474974513,0,1
167556.891,0,2,225836000,0,3,25.41,391844340,-768256993,128.67,0.3630000054836273,154.6904296875,0.0010000000474974513,0,1
167756.821,0,2,225836200,0,3,25.39,391844361,-768257005,128.69,0.3700000047683716,154.6904296875,-0.0010000000474974513,0,1
167956.82,0,2,225836400,0,3,25.37,391844329,-768256999,128.67,0.24900001287460327,154.6904296875,0.003000000026077032,0,1
168156.798,0,2,225836600,0,3,25.35,391844251,-768256974,128.7,0.26200002431869507,154.6904296875,0.01600000075995922,0,1
168356.815,0,2,225836800,0,3,25.32,391844300,-768256994,128.68,0.19700001180171967,154.6904296875,0.015000000596046448,0,1
168556.779,0,2,225837000,0,3,25.3,391844306,-768257001,128.68,0.18400001525878906,154.6904296875,0,0,1
168756.751,0,2,225837200,0,3,25.28,391844293,-768256999,128.69,0.10100000351667404,154.6904296875,0,0,1
168956.765,0,2,225837400,0,3,25.26,391844362,-768257028,128.69,0.28300002217292786,154.6904296875,0,0,1
169156.813,0,2,225837600,0,3,25.24,391844381,-768257039,128.66,0.27900001406669617,154.6904296875,-0.0010000000474974513,0,1
169356.912,0,2,225837800,0,3,25.22,391844385,-768257044,128.65,0.23600001633167267,154.6904296875,-0.0020000000949949026,0,1
169556.856,0,2,225838000,0,3,25.2,391844366,-768257039,128.65,0.13700000941753387,154.6904296875,-0.0010000000474974513,0,1
169756.759,0,2,225838200,0,3,25.18,391844385,-768257049,128.6,0.1990000158548355,154.6904296875,0,0,1
169956.853,0,2,225838400,0,3,25.16,391844381,-768257051,128.59,0.1469999998807907,154.6904296875,-0.0010000000474974513,0,1
170156.777,0,2,225838600,0,3,25.14,391844371,-768257051,128.64,0.13199999928474426,154.6904296875,0.0010000000474974513,0,1
170356.784,0,2,225838800,0,3,25.12,391844348,-768257044,128.62,0.07500000298023224,154.6904296875,0,0,1
170556.791,0,2,225839000,0,3,25.1,391844283,-768257023,128.63,0.2600000202655792,154.6904296875,0,0,1
170756.836,0,2,225839200,0,3,25.08,391844260,-768257019,128.62,0.3100000023841858,154.6904296875,0.0010000000474974513,0,1
170956.834,0,2,225839400,0,3,25.06,391844257,-768257020,128.66,0.26100000739097595,154.6904296875,0.003000000026077032,0,1
171156.981,0,2,225839600,0,3,25.04,391844266,-768257026,128.65,0.1980000138282776,154.6904296875,0.003000000026077032,0,1
171356.827,0,2,225839800,0,3,25.02,391844188,-768257000,128.64,0.44600000977516174,154.6904296875,0,0,1
171556.76,0,2,225840000,0,3,25,391844144,-768256989,128.66,0.5520000457763672,154.6904296875,0.0020000000949949026,0,1
171756.872,0,2,225840200,0,3,24.98,391844097,-768256971,128.62,0.609000027179718,154.6904296875,0.006000000052154064,0,1
171956.766,0,2,225840400,0,3,24.96,391844087,-768256974,128.63,0.5870000123977661,154.6904296875,0.007000000216066837,0,1
172156.779,0,2,225840600,0,3,24.94,391844086,-768256972,128.64,0.5220000147819519,154.6904296875,0.0010000000474974513,0,1
172356.81,0,2,225840800,0,3,24.92,391844107,-768256982,128.67,0.3960000276565552,154.6904296875,0.0010000000474974513,0,1
172556.776,0,2,225841000,0,3,24.9,391844127,-768256992,128.66,0.33800002932548523,154.6904296875,0,0,1
172756.92,0,2,225841200,0,3,24.87,391844110,-768256988,128.68,0.3930000066757202,154.6904296875,0,0,1
172956.777,0,2,225841400,0,3,24.85,391844135,-768256999,128.67,0.28700000047683716,154.6904296875,0,0,1
173156.762,0,2,225841600,0,3,24.83,391844203,-768257026,128.68,0.18700000643730164,154.6904296875,0,0,1
173356.744,0,2,225841800,0,3,24.81,391844277,-768257057,128.71,0.20400001108646393,154.6904296875,-0.003000000026077032,0,1
173556.748,0,2,225842000,0,3,24.8,391844291,-768257063,128.68,0.1860000044107437,154.6904296875,0,0,1
173756.81,0,2,225842200,0,3,24.78,391844312,-768257075,128.68,0.1420000046491623,154.6904296875,-0.0020000000949949026,0,1
173956.833,0,2,225842400,0,3,24.76,391844367,-768257097,128.69,0.27000001072883606,154.6904296875,0,0,1
174156.809,0,2,225842600,0,3,24.74,391844434,-768257122,128.67,0.4490000307559967,154.6904296875,-0.0010000000474974513,0,1
174356.829,0,2,225842800,0,3,24.72,391844499,-768257150,128.69,0.5530000329017639,154.6904296875,-0.005000000353902578,0,1
174556.715,0,2,225843000,0,3,24.7,391844508,-768257153,128.69,0.5210000276565552,154.6904296875,-0.007000000216066837,0,1
174756.885,0,2,225843200,0,3,24.68,391844499,-768257154,128.7,0.4130000174045563,154.6904296875,-0.0010000000474974513,0,1
174956.759,0,2,225843400,0,3,24.66,391844422,-768257128,128.71,0.15400001406669617,154.6904296875,0,0,1
175156.761,0,2,225843600,0,3,24.64,391844349,-768257104,128.75,0.13700000941753387,154.6904296875,0,0,1
175356.814,0,2,225843800,0,3,24.62,391844281,-768257083,128.72,0.29500001668930054,154.6904296875,0,0,1
175556.802,0,2,225844000,0,3,24.6,391844233,-768257068,128.69,0.39400002360343933,154.6904296875,0,0,1
175756.814,0,2,225844200,0,3,24.58,391844181,-768257051,128.67,0.49400001764297485,154.6904296875,0,0,1
175956.831,0,2,225844400,0,3,24.56,391844137,-768257038,128.66,0.5850000381469727,154.6904296875,0,0,1
176156.825,0,2,225844600,0,3,24.54,391844103,-768257027,128.69,0.6360000371932983,154.6904296875,0,0,1
176356.797,0,2,225844800,0,3,24.52,391844065,-768257015,128.7,0.6530000567436218,154.6904296875,0.0010000000474974513,0,1
176556.758,0,2,225845000,0,3,24.5,391844020,-768257002,128.66,0.7160000205039978,154.6904296875,0.0010000000474974513,0,1
176756.792,0,2,225845200,0,3,24.48,391843975,-768256988,128.65,0.7690000534057617,154.6904296875,0.0010000000474974513,0,1
176956.72,0,2,225845400,0,3,24.46,391843958,-768256982,128.7,0.7100000381469727,154.6904296875,0.0010000000474974513,0,1
177156.841,0,2,225845600,0,3,24.44,391843988,-768256997,128.72,0.6020000576972961,154.6904296875,0,0,1
177356.817,0,2,225845800,0,3,24.42,391843940,-768256980,128.71,0.6950000524520874,154.6904296875,0,0,1
177556.774,0,2,225846000,0,3,24.4,391843930,-768256977,128.68,0.6580000519752502,154.6904296875,0,0,1
177756.85,0,2,225846200,0,3,24.38,391843914,-768256975,128.65,0.6580000519752502,154.6904296875,0,0,1
177956.771,0,2,225846400,0,3,24.36,391843874,-768256962,128.62,0.7290000319480896,158.83143615722656,0,0,1
178156.757,0,2,225846600,0,3,24.34,391843827,-768256948,128.61,0.7900000214576721,163.3146209716797,0,0,1
178356.796,0,2,225846800,0,3,24.33,391843832,-768256952,128.61,0.6980000138282776,163.3146209716797,0,0,1
178556.802,0,2,225847000,0,3,24.31,391843868,-768256967,128.63,0.5980000495910645,163.3146209716797,-0.0010000000474974513,0,1
178756.86,0,2,225847200,0,3,24.29,391843836,-768256955,128.65,0.6050000190734863,163.3146209716797,0,0,1
178956.802,0,2,225847400,0,3,24.27,391843785,-768256941,128.66,0.706000030040741,163.8186492919922,0,0,1
179156.793,0,2,225847600,0,3,24.25,391843752,-768256932,128.64,0.7170000076293945,165.7519989013672,0,0,1
179356.781,0,2,225847800,0,3,24.23,391843760,-768256937,128.64,0.6370000243186951,165.7519989013672,0,0,1
179556.737,0,2,225848000,0,3,24.21,391843728,-768256926,128.67,0.6620000600814819,165.7519989013672,0,0,1
179756.787,0,2,225848200,0,3,24.19,391843686,-768256913,128.68,0.6960000395774841,165.3817596435547,0,0,1
179956.803,0,2,225848400,0,3,24.17,391843705,-768256923,128.69,0.5900000333786011,165.3817596435547,0,0,1
180156.917,0,2,225848600,0,3,24.15,391843708,-768256927,128.72,0.5370000004768372,165.3817596435547,0,0,1
180356.857,0,2,225848800,0,3,24.14,391843686,-768256920,128.7,0.5400000214576721,165.3817596435547,0,0,1
180556.795,0,2,225849000,0,3,24.12,391843689,-768256924,128.65,0.46700000762939453,165.3817596435547,0,0,1
180756.827,0,2,225849200,0,3,24.1,391843650,-768256912,128.65,0.534000039100647,165.3817596435547,0,0,1
180956.766,0,2,225849400,0,3,24.08,391843599,-768256894,128.67,0.5670000314712524,165.3817596435547,0,0,1
181156.827,0,2,225849600,0,3,24.06,391843531,-768256870,128.67,0.6780000329017639,165.3817596435547,0,0,1
181356.771,0,2,225849800,0,3,24.04,391843463,-768256850,128.65,0.7700000405311584,165.3817596435547,0,0,1
181556.766,0,2,225850000,0,3,24.02,391843528,-768256874,128.66,0.5120000243186951,165.3817596435547,0,0,1
181756.838,0,2,225850200,0,3,24,391843558,-768256888,128.68,0.41100001335144043,165.3817596435547,0,0,1
181956.906,0,2,225850400,0,3,23.98,391843533,-768256880,128.65,0.453000009059906,165.3817596435547,0,0,1
182156.815,0,2,225850600,0,3,23.97,391843593,-768256904,128.66,0.2639999985694885,165.3817596435547,0,0,1
182356.822,0,2,225850800,0,3,23.95,391843552,-768256887,128.66,0.2670000195503235,165.3817596435547,0,0,1
182556.794,0,2,225851000,0,3,23.93,391843479,-768256866,128.61,0.38700002431869507,165.3817596435547,0,0,1
182756.759,0,2,225851200,0,3,23.91,391843370,-768256828,128.58,0.5830000042915344,165.3817596435547,0,0,1
182956.769,0,2,225851400,0,3,23.89,391843288,-768256796,128.6,0.6910000443458557,165.3817596435547,0,0,1
183156.804,0,2,225851600,0,3,23.87,391843264,-768256788,128.55,0.6340000033378601,165.3817596435547,0.0010000000474974513,0,1
183356.835,0,2,225851800,0,3,23.86,391843311,-768256810,128.57,0.4390000104904175,165.3817596435547,0,0,1
183556.797,0,2,225852000,0,3,23.84,391843320,-768256815,128.6,0.3680000305175781,165.3817596435547,0,0,1
183756.959,0,2,225852200,0,3,23.82,391843306,-768256808,128.59,0.36000001430511475,165.3817596435547,0,0,1
183956.811,0,2,225852400,0,3,23.8,391843290,-768256802,128.6,0.3530000150203705,165.3817596435547,0,0,1
184156.771,0,2,225852600,0,3,23.78,391843287,-768256803,128.64,0.2970000207424164,165.3817596435547,0,0,1
184356.845,0,2,225852800,0,3,23.76,391843269,-768256796,128.65,0.31700000166893005,165.3817596435547,0,0,1
184556.784,0,2,225853000,0,3,23.75,391843191,-768256770,128.64,0.46700000762939453,165.3817596435547,0,0,1
184756.814,0,2,225853200,0,3,23.73,391843252,-768256792,128.66,0.25600001215934753,165.3817596435547,0,0,1
184956.892,0,2,225853400,0,3,23.71,391843311,-768256817,128.64,0.1340000033378601,165.3817596435547,0,0,1
185156.925,0,2,225853600,0,3,23.69,391843382,-768256842,128.68,0.23500001430511475,165.3817596435547,0,0,1
185356.815,0,2,225853800,0,3,23.67,391843444,-768256865,128.7,0.3530000150203705,165.3817596435547,0,0,1
185556.866,0,2,225854000,0,3,23.65,391843448,-768256868,128.71,0.33000001311302185,165.3817596435547,0,0,1
185756.779,0,2,225854200,0,3,23.64,391843366,-768256841,128.77,0.09200000762939453,165.3817596435547,0,0,1
185956.756,0,2,225854400,0,3,23.62,391843287,-768256811,128.74,0.07500000298023224,165.3817596435547,0,0,1
186156.769,0,2,225854600,0,3,23.6,391843203,-768256783,128.79,0.23000000417232513,165.3817596435547,0,0,1
186356.833,0,2,225854800,0,3,23.58,391843161,-768256769,128.79,0.2630000114440918,165.3817596435547,0,0,1
186556.852,0,2,225855000,0,3,23.56,391843159,-768256771,128.81,0.22500000894069672,165.3817596435547,0,0,1
186756.801,0,2,225855200,0,3,23.55,391843159,-768256775,128.79,0.1850000023841858,165.3817596435547,0,0,1
186956.837,0,2,225855400,0,3,23.53,391843152,-768256773,128.75,0.15200001001358032,165.3817596435547,0,0,1
187156.79,0,2,225855600,0,3,23.51,391843179,-768256783,128.76,0.04100000113248825,165.3817596435547,0,0,1
187356.842,0,2,225855800,0,3,23.49,391843170,-768256782,128.74,0.030000001192092896,165.3817596435547,0,0,1
187556.747,0,2,225856000,0,3,23.47,391843182,-768256786,128.74,0.0650000050663948,165.3817596435547,0,0,1
187756.784,0,2,225856200,0,3,23.46,391843136,-768256773,128.74,0.0860000029206276,165.3817596435547,0,0,1
187956.851,0,2,225856400,0,3,23.44,391843101,-768256760,128.73,0.12300000339746475,165.3817596435547,0,0,1
188156.775,0,2,225856600,0,3,23.42,391843126,-768256770,128.72,0.013000000268220901,165.3817596435547,0,0,1
188356.833,0,2,225856800,0,3,23.4,391843110,-768256767,128.7,0.058000002056360245,165.3817596435547,0,0,1
188556.872,0,2,225857000,0,3,23.39,391843058,-768256749,128.74,0.1600000113248825,165.3817596435547,0,0,1
188756.788,0,2,225857200,0,3,23.37,391843055,-768256751,128.79,0.125,165.3817596435547,0,0,1
188956.726,0,2,225857400,0,3,23.35,391842985,-768256726,128.84,0.25200000405311584,165.3817596435547,0,0,1
189156.899,0,2,225857600,0,3,23.33,391843042,-768256747,128.86,0.02800000086426735,165.3817596435547,0,0,1
189356.819,0,2,225857800,0,3,23.31,391843129,-768256779,128.88,0.20800000429153442,165.3817596435547,0,0,1
189556.806,0,2,225858000,0,3,23.3,391843109,-768256775,128.83,0.11400000751018524,165.3817596435547,0,0,1
189756.858,0,2,225858200,0,3,23.28,391843078,-768256764,128.8,0.06000000238418579,165.3817596435547,0,0,1
189956.765,0,2,225858400,0,3,23.26,391843087,-768256768,128.82,0.11800000816583633,165.3817596435547,0,0,1
190156.86,0,2,225858600,0,3,23.24,391843125,-768256781,128.86,0.24300001561641693,165.3817596435547,0,0,1
190356.799,0,2,225858800,0,3,23.23,391843102,-768256777,128.84,0.14100000262260437,165.3817596435547,0,0,1
190556.744,0,2,225859000,0,3,23.21,391843047,-768256756,128.78,0.04500000178813934,165.3817596435547,0,0,1
190756.778,0,2,225859200,0,3,23.19,391843049,-768256755,128.76,0.10200000554323196,165.3817596435547,0,0,1
190956.876,0,2,225859400,0,3,23.17,391843077,-768256768,128.81,0.18400001525878906,165.3817596435547,0,0,1
191156.84,0,2,225859600,0,3,23.16,391843078,-768256769,128.8,0.17900000512599945,165.3817596435547,0,0,1
191356.798,0,2,225859800,0,3,23.14,391843047,-768256760,128.79,0.10900000482797623,165.3817596435547,0,0,1
191556.765,0,2,225860000,0,3,23.12,391842990,-768256740,128.78,0.06100000441074371,165.3817596435547,0,0,1
191756.819,0,2,225860200,0,3,23.11,391842910,-768256711,128.78,0.19100001454353333,165.3817596435547,0,0,1
191956.8,0,2,225860400,0,3,23.09,391842859,-768256695,128.83,0.2800000011920929,165.3817596435547,0,0,1
192156.747,0,2,225860600,0,3,23.07,391842828,-768256688,128.82,0.328000009059906,165.3817596435547,0,0,1
192356.77,0,2,225860800,0,3,23.05,391842751,-768256661,128.84,0.4780000150203705,165.3817596435547,0,0,1
192556.716,0,2,225861000,0,3,23.04,391842719,-768256649,128.81,0.4970000088214874,165.3817596435547,0,0,1
192756.936,0,2,225861200,0,3,23.02,391842771,-768256669,128.83,0.2900000214576721,165.3817596435547,0,0,1
192956.841,0,2,225861400,0,3,23,391842720,-768256652,128.78,0.4190000295639038,165.3817596435547,0,0,1
193156.822,0,2,225861600,0,3,22.99,391842690,-768256642,128.76,0.4690000116825104,165.3817596435547,0,0,1
193356.794,0,2,225861800,0,3,22.97,391842697,-768256644,128.74,0.38600000739097595,165.3817596435547,0,0,1
193556.703,0,2,225862000,0,3,22.95,391842718,-768256652,128.72,0.3140000104904175,165.3817596435547,0,0,1
193756.754,0,2,225862200,0,3,22.93,391842729,-768256657,128.71,0.27800002694129944,165.3817596435547,0,0,1
193956.806,0,2,225862400,0,3,22.92,391842738,-768256661,128.69,0.25699999928474426,165.3817596435547,0,0,1
194156.833,0,2,225862600,0,3,22.9,391842761,-768256668,128.67,0.19700001180171967,165.3817596435547,0,0,1
194356.857,0,2,225862800,0,3,22.88,391842761,-768256664,128.67,0.18700000643730164,165.3817596435547,0,0,1
194556.785,0,2,225863000,0,3,22.87,391842757,-768256667,128.7,0.1990000158548355,165.3817596435547,0,0,1
194756.725,0,2,225863200,0,3,22.85,391842788,-768256677,128.7,0.09600000083446503,165.3817596435547,0,0,1
194956.833,0,2,225863400,0,3,22.83,391842798,-768256682,128.71,0.11100000888109207,165.3817596435547,0,0,1
195156.762,0,2,225863600,0,3,22.82,391842818,-768256691,128.72,0.1210000067949295,165.3817596435547,0,0,1
195356.744,0,2,225863800,0,3,22.8,391842900,-768256722,128.76,0.09300000220537186,165.3817596435547,0,0,1
195556.765,0,2,225864000,0,3,22.78,391842883,-768256711,128.74,0.11100000888109207,165.3817596435547,0,0,1
195756.87,0,2,225864200,0,3,22.77,391842918,-768256726,128.78,0.06700000166893005,165.3817596435547,0,0,1
195956.881,0,2,225864400,0,3,22.75,391843033,-768256766,128.78,0.34300002455711365,165.3817596435547,0,0,1
196156.852,0,2,225864600,0,3,22.73,391843142,-768256807,128.82,0.534000039100647,165.3817596435547,0,0,1
196356.796,0,2,225864800,0,3,22.72,391843143,-768256809,128.81,0.4180000126361847,165.3817596435547,0,0,1
196556.748,0,2,225865000,0,3,22.7,391843179,-768256821,128.8,0.4410000145435333,165.3817596435547,0,0,1
196756.741,0,2,225865200,0,3,22.68,391843144,-768256812,128.73,0.26500001549720764,165.3817596435547,0,0,1
196956.83,0,2,225865400,0,3,22.67,391843151,-768256815,128.76,0.2540000081062317,165.3817596435547,0,0,1
197156.794,0,2,225865600,0,3,22.65,391843178,-768256827,128.71,0.23900000751018524,165.3817596435547,0,0,1
197356.811,0,2,225865800,0,3,22.63,391843207,-768256837,128.7,0.22300000488758087,165.3817596435547,0,0,1
197556.771,0,2,225866000,0,3,22.62,391843148,-768256818,128.67,0.14600001275539398,165.3817596435547,0,0,1
197777.061,0,3,225866200,0,4,3.33,391847809,-768259005,123.99,0.3850000202655792,165.3817596435547,0.3620000183582306,0,1
197956.849,0,3,225866400,0,4,3.33,391847813,-768259010,124.18,0.24400001764297485,165.3817596435547,0.2240000069141388,0,1
198156.784,0,3,225866600,0,4,3.33,391847804,-768259020,124.21,0.3500000238418579,165.3817596435547,0.27900001406669617,0,1
198356.734,0,3,225866800,0,4,3.33,391847795,-768259029,124.15,0.2630000114440918,165.3817596435547,0.24900001287460327,0,1
198556.748,0,3,225867000,0,4,3.33,391847788,-768259034,124.12,0.24900001287460327,165.3817596435547,0.20200000703334808,0,1
198756.83,0,3,225867200,0,4,3.33,391847786,-768259034,124.13,0.09200000762939453,165.3817596435547,0.1300000101327896,0,1
198956.77,0,3,225867400,0,4,3.33,391847777,-768259044,124.06,0.16900001466274261,165.3817596435547,0.15700000524520874,0,1
199156.797,0,3,225867600,0,4,3.33,391847766,-768259056,124,0.26500001549720764,165.3817596435547,0.16600000858306885,0,1
199356.83,0,3,225867800,0,4,3.33,391847755,-768259068,123.9,0.35100001096725464,213.04237365722656,0.20900000631809235,0,1
199556.848,0,3,225868000,0,4,3.33,391847745,-768259076,123.84,0.3620000183582306,210.4889373779297,0.20100000500679016,0,1
199756.814,0,3,225868200,0,4,3.33,391847751,-768259071,123.86,0.05300000309944153,201.68482971191406,0.11700000613927841,0,1
199956.747,0,3,225868400,0,4,3.33,391847758,-768259065,123.88,0.13500000536441803,201.68482971191406,0.06000000238418579,0,1
200156.743,0,3,225868600,0,4,3.33,391847760,-768259065,123.87,0.12300000339746475,201.68482971191406,0.05400000140070915,0,1
200356.777,0,3,225868800,0,4,3.33,391847756,-768259068,123.86,0.005000000353902578,201.68482971191406,0.0430000014603138,0,1
200556.886,0,3,225869000,0,4,3.33,391847754,-768259070,123.85,0.0650000050663948,201.68482971191406,0.05300000309944153,0,1
200756.779,0,3,225869200,0,4,3.33,391847756,-768259068,123.86,0.02800000086426735,201.68482971191406,0.04800000041723251,0,1
200956.834,0,3,225869400,0,4,3.33,391847760,-768259068,123.9,0.055000003427267075,201.68482971191406,0.032999999821186066,0,1
201156.883,0,3,225869600,0,4,3.33,391847767,-768259062,123.93,0.09100000560283661,201.68482971191406,0.02500000037252903,0,1
201356.797,0,3,225869800,0,4,3.33,391847773,-768259050,124.02,0.19100001454353333,201.68482971191406,-0.009000000543892384,0,1
201556.738,0,3,225870000,0,4,3.33,391847775,-768259046,124.04,0.12800000607967377,201.68482971191406,-0.01600000075995922,0,1
201756.796,0,3,225870200,0,4,3.33,391847776,-768259058,123.98,0.04500000178813934,201.68482971191406,0.013000000268220901,0,1
201956.808,0,3,225870400,0,4,3.33,391847789,-768259059,124.01,0.05000000074505806,201.68482971191406,-0.003000000026077032,0,1
202156.852,0,3,225870600,0,4,3.33,391847797,-768259068,123.95,0.03700000047683716,201.68482971191406,0.015000000596046448,0,1
202356.795,0,3,225870800,0,4,3.33,391847803,-768259074,123.94,0.04700000211596489,201.68482971191406,0.01600000075995922,0,1
202556.72,0,3,225871000,0,4,3.33,391847813,-768259079,123.92,0.00800000037997961,201.68482971191406,0.018000001087784767,0,1
202756.806,0,3,225871200,0,4,3.33,391847828,-768259082,123.93,0.06000000238418579,201.68482971191406,0.00800000037997961,0,1
202956.741,0,3,225871400,0,4,3.33,391847832,-768259095,123.86,0.09700000286102295,201.68482971191406,0.03500000014901161,0,1
203156.743,0,3,225871600,0,4,3.33,391847849,-768259094,123.9,0.03200000151991844,201.68482971191406,0.01100000087171793,0,1
203356.82,0,3,225871800,0,4,3.33,391847865,-768259094,123.93,0.10000000149011612,201.68482971191406,-0.0010000000474974513,0,1
203556.82,0,3,225872000,0,4,3.33,391847877,-768259101,123.92,0.10000000149011612,201.68482971191406,-0.0020000000949949026,0,1
203756.792,0,3,225872200,0,4,3.33,391847892,-768259105,123.93,0.13300000131130219,201.68482971191406,-0.018000001087784767,0,1
203956.909,0,3,225872400,0,4,3.33,391847902,-768259114,123.91,0.0690000057220459,201.68482971191406,-0.010000000707805157,0,1
204156.838,0,3,225872600,0,4,3.33,391847913,-768259120,123.9,0.021000001579523087,201.68482971191406,-0.007000000216066837,0,1
204356.788,0,3,225872800,0,4,3.33,391847930,-768259123,123.91,0.08000000566244125,201.68482971191406,-0.013000000268220901,0,1
204556.723,0,3,225873000,0,4,3.33,391847954,-768259121,123.97,0.18300001323223114,201.68482971191406,-0.03400000184774399,0,1
204756.741,0,3,225873200,0,4,3.33,391847973,-768259118,124.03,0.23000000417232513,201.68482971191406,-0.05000000074505806,0,1
204956.803,0,3,225873400,0,4,3.33,391847981,-768259130,123.98,0.09600000083446503,201.68482971191406,-0.039000000804662704,0,1
205156.84,0,3,225873600,0,4,3.33,391848002,-768259128,124.05,0.2550000250339508,201.68482971191406,-0.07200000435113907,0,1
205356.939,0,3,225873800,0,4,3.33,391848011,-768259134,124.05,0.12300000339746475,201.68482971191406,-0.06200000271201134,0,1
205556.798,0,3,225874000,0,4,3.33,391848027,-768259136,124.06,0.18200001120567322,201.68482971191406,-0.06000000238418579,0,1
205756.805,0,3,225874200,0,4,3.33,391848034,-768259142,124.06,0.10100000351667404,201.68482971191406,-0.06100000441074371,0,1
205956.793,0,3,225874400,0,4,3.33,391848040,-768259152,124.02,0.04500000178813934,201.68482971191406,-0.046000003814697266,0,1
206156.723,0,3,225874600,0,4,3.33,391848049,-768259158,124.02,0.03800000250339508,201.68482971191406,-0.05300000309944153,0,1
206356.81,0,3,225874800,0,4,3.33,391848055,-768259162,124.02,0.026000000536441803,201.68482971191406,-0.04800000041723251,0,1
206556.8,0,3,225875000,0,4,3.33,391848070,-768259160,124.05,0.17600001394748688,201.68482971191406,-0.06200000271201134,0,1
206756.81,0,3,225875200,0,4,3.33,391848079,-768259164,124.05,0.1420000046491623,201.68482971191406,-0.058000002056360245,0,1
206956.774,0,3,225875400,0,4,3.33,391848093,-768259163,124.12,0.17500001192092896,201.68482971191406,-0.07700000703334808,0,1
207156.748,0,3,225875600,0,4,3.33,391848103,-768259166,124.12,0.1990000158548355,201.68482971191406,-0.07800000160932541,0,1
207356.786,0,3,225875800,0,4,3.33,391848115,-768259166,124.17,0.18400001525878906,201.68482971191406,-0.08900000154972076,0,1
207556.713,0,3,225876000,0,4,3.33,391848130,-768259162,124.23,0.32500001788139343,201.68482971191406,-0.1120000034570694,0,1
207756.759,0,3,225876200,0,4,3.33,391848134,-768259168,124.2,0.22200001776218414,201.68482971191406,-0.10000000149011612,0,1
207956.774,0,3,225876400,0,4,3.33,391848144,-768259166,124.25,0.281000018119812,201.68482971191406,-0.11300000548362732,0,1
208156.803,0,3,225876600,0,4,3.33,391848149,-768259168,124.26,0.23200000822544098,201.68482971191406,-0.1120000034570694,0,1
208356.848,0,3,225876800,0,4,3.33,391848150,-768259176,124.23,0.15200001001358032,201.68482971191406,-0.10700000822544098,0,1
208556.784,0,3,225877000,0,4,3.33,391848150,-768259183,124.18,0.08900000154972076,201.68482971191406,-0.08700000494718552,0,1
208756.775,0,3,225877200,0,4,3.33,391848157,-768259185,124.19,0.11800000816583633,201.68482971191406,-0.08700000494718552,0,1
208956.925,0,3,225877400,0,4,3.33,391848167,-768259184,124.21,0.22600001096725464,201.68482971191406,-0.0950000062584877,0,1
209156.787,0,3,225877600,0,4,3.33,391848175,-768259185,124.25,0.23600001633167267,201.68482971191406,-0.1080000028014183,0,1
209356.751,0,3,225877800,0,4,3.33,391848168,-768259201,124.15,0.003000000026077032,201.68482971191406,-0.07600000500679016,0,1
209556.803,0,3,225878000,0,4,3.33,391848173,-768259203,124.14,0.0820000022649765,201.68482971191406,-0.07200000435113907,0,1
209756.798,0,3,225878200,0,4,3.33,391848174,-768259211,124.1,0.04000000283122063,201.68482971191406,-0.06200000271201134,0,1
209956.892,0,3,225878400,0,4,3.33,391848171,-768259223,124.02,0.05900000408291817,201.68482971191406,-0.04100000113248825,0,1
210156.803,0,3,225878600,0,4,3.33,391848171,-768259230,123.99,0.08800000697374344,201.68482971191406,-0.032999999821186066,0,1
210356.834,0,3,225878800,0,4,3.33,391848171,-768259236,123.95,0.0950000062584877,201.68482971191406,-0.020000001415610313,0,1
210556.758,0,3,225879000,0,4,3.33,391848175,-768259242,123.92,0.07100000232458115,201.68482971191406,-0.013000000268220901,0,1
210756.79,0,3,225879200,0,4,3.33,391848174,-768259251,123.85,0.08000000566244125,201.68482971191406,0.004000000189989805,0,1
210956.762,0,3,225879400,0,4,3.33,391848176,-768259256,123.85,0.07900000363588333,201.68482971191406,-0.0020000000949949026,0,1
211156.806,0,3,225879600,0,4,3.33,391848177,-768259264,123.8,0.08400000631809235,201.68482971191406,0.005000000353902578,0,1
211356.853,0,3,225879800,0,4,3.33,391848183,-768259264,123.83,0.01900000125169754,201.68482971191406,-0.003000000026077032,0,1
211556.776,0,3,225880000,0,4,3.33,391848194,-768259259,123.86,0.10600000619888306,201.68482971191406,-0.007000000216066837,0,1
211756.823,0,3,225880200,0,4,3.33,391848195,-768259263,123.85,0.039000000804662704,201.68482971191406,-0.006000000052154064,0,1
211956.842,0,3,225880400,0,4,3.33,391848205,-768259260,123.88,0.1510000079870224,201.68482971191406,-0.021000001579523087,0,1
212156.762,0,3,225880600,0,4,3.33,391848209,-768259260,123.9,0.14900000393390656,201.68482971191406,-0.02800000086426735,0,1
212356.731,0,3,225880800,0,4,3.33,391848211,-768259267,123.85,0.15000000596046448,201.68482971191406,-0.026000000536441803,0,1
212556.726,0,3,225881000,0,4,3.33,391848222,-768259263,123.91,0.24300001561641693,201.68482971191406,-0.04800000041723251,0,1
212756.822,0,3,225881200,0,4,3.33,391848219,-768259270,123.88,0.10500000417232513,201.68482971191406,-0.0430000014603138,0,1
212956.844,0,3,225881400,0,4,3.33,391848218,-768259276,123.83,0.06700000166893005,201.68482971191406,-0.03200000151991844,0,1
213156.746,0,3,225881600,0,4,3.33,391848216,-768259283,123.77,0.027000000700354576,201.68482971191406,-0.020000001415610313,0,1
213356.874,0,3,225881800,0,4,3.33,391848221,-768259286,123.77,0.06400000303983688,201.68482971191406,-0.027000000700354576,0,1
213556.736,0,3,225882000,0,4,3.33,391848215,-768259296,123.7,0.08700000494718552,201.68482971191406,-0.009000000543892384,0,1
213756.834,0,3,225882200,0,5,3.14,391848230,-768259289,123.77,0.023000001907348633,201.68482971191406,-0.01600000075995922,0,1
213956.74,0,3,225882400,0,5,3.14,391848239,-768259289,123.78,0.01900000125169754,201.68482971191406,-0.0020000000949949026,0,1
214156.717,0,3,225882600,0,5,3.14,391848246,-768259289,123.8,0.05700000375509262,201.68482971191406,0.006000000052154064,0,1
214356.912,0,3,225882800,0,5,3.14,391848254,-768259289,123.82,0.049000002443790436,201.68482971191406,0.005000000353902578,0,1
214556.82,0,3,225883000,0,5,3.14,391848264,-768259285,123.87,0.046000003814697266,201.68482971191406,-0.0010000000474974513,0,1
214756.92,0,3,225883200,0,5,3.13,391848277,-768259278,123.95,0.1290000081062317,201.68482971191406,-0.017000000923871994,0,1
214956.777,0,3,225883400,0,5,3.13,391848286,-768259276,124,0.0820000022649765,201.68482971191406,-0.021000001579523087,0,1
215156.753,0,3,225883600,0,5,3.13,391848294,-768259276,124.03,0.018000001087784767,201.68482971191406,-0.020000001415610313,0,1
215356.783,0,3,225883800,0,5,3.13,391848302,-768259275,124.06,0.009000000543892384,201.68482971191406,-0.023000001907348633,0,1
215556.69,0,3,225884000,0,5,3.13,391848309,-768259275,124.07,0.029000001028180122,201.68482971191406,-0.018000001087784767,0,1
215756.81,0,3,225884200,0,5,3.13,391848315,-768259275,124.07,0.03100000135600567,201.68482971191406,-0.014000000432133675,0,1
215956.803,0,3,225884400,0,5,3.13,391848321,-768259276,124.1,0.03200000151991844,201.68482971191406,-0.021000001579523087,0,1
216156.888,0,3,225884600,0,5,3.13,391848325,-768259278,124.09,0.039000000804662704,201.68482971191406,-0.01100000087171793,0,1
216356.813,0,3,225884800,0,5,3.13,391848331,-768259278,124.09,0.04200000315904617,201.68482971191406,-0.007000000216066837,0,1
216556.734,0,3,225885000,0,5,3.13,391848335,-768259281,124.09,0.007000000216066837,201.68482971191406,-0.010000000707805157,0,1
216756.808,0,3,225885200,0,5,3.13,391848340,-768259281,124.1,0.04800000041723251,201.68482971191406,-0.013000000268220901,0,1
216956.709,0,3,225885400,0,5,3.13,391848343,-768259284,124.11,0.020000001415610313,201.68482971191406,-0.014000000432133675,0,1
217156.72,0,3,225885600,0,5,3.13,391848347,-768259285,124.1,0.020000001415610313,201.68482971191406,-0.003000000026077032,0,1
217356.75,0,3,225885800,0,5,3.13,391848348,-768259288,124.12,0.08800000697374344,201.68482971191406,-0.005000000353902578,0,1
217556.701,0,3,225886000,0,5,3.13,391848353,-768259289,124.09,0.03400000184774399,201.68482971191406,0.009000000543892384,0,1
217756.876,0,3,225886200,0,5,3.13,391848356,-768259291,124.09,0.06700000166893005,201.68482971191406,0.013000000268220901,0,1
217956.95,0,3,225886400,0,5,3.13,391848360,-768259293,124.07,0.04500000178813934,201.68482971191406,0.021000001579523087,0,1
218156.761,0,3,225886600,0,5,3.13,391848363,-768259294,124.09,0.024000000208616257,201.68482971191406,0.02500000037252903,0,1
218356.782,0,3,225886800,0,5,3.13,391848366,-768259296,124.13,0.06800000369548798,201.68482971191406,0.018000001087784767,0,1
218556.777,0,3,225887000,0,5,3.13,391848370,-768259296,124.09,0.04200000315904617,201.68482971191406,0.026000000536441803,0,1
218756.778,0,3,225887200,0,5,3.13,391848374,-768259296,124.1,0.05000000074505806,201.68482971191406,0.020000001415610313,0,1
218956.782,0,3,225887400,0,5,3.13,391848378,-768259296,124.1,0.024000000208616257,201.68482971191406,0.01900000125169754,0,1
219156.73,0,3,225887600,0,5,3.13,391848382,-768259297,124.11,0.017000000923871994,201.68482971191406,0.01100000087171793,0,1
219356.769,0,3,225887800,0,5,3.13,391848386,-768259299,124.09,0.020000001415610313,201.68482971191406,0.014000000432133675,0,1
219556.772,0,3,225888000,0,5,3.13,391848390,-768259299,124.09,0.009000000543892384,201.68482971191406,0.015000000596046448,0,1
219756.873,0,3,225888200,0,5,3.13,391848397,-768259297,124.08,0.0560000017285347,201.68482971191406,0.023000001907348633,0,1
219956.759,0,3,225888400,0,5,3.13,391848400,-768259299,124.09,0.036000002175569534,201.68482971191406,0.023000001907348633,0,1
220156.768,0,3,225888600,0,5,3.13,391848404,-768259298,124.09,0.04500000178813934,201.68482971191406,0.023000001907348633,0,1
220356.771,0,3,225888800,0,5,3.13,391848407,-768259299,124.09,0.039000000804662704,201.68482971191406,0.013000000268220901,0,1
220556.761,0,3,225889000,0,5,3.13,391848411,-768259300,124.11,0.015000000596046448,201.68482971191406,0.004000000189989805,0,1
220756.733,0,3,225889200,0,5,3.13,391848416,-768259300,124.09,0.06300000101327896,201.68482971191406,0.003000000026077032,0,1
220956.863,0,3,225889400,0,5,3.13,391848420,-768259300,124.11,0.04100000113248825,201.68482971191406,-0.006000000052154064,0,1
221156.821,0,3,225889600,0,5,3.13,391848423,-768259301,124.12,0.010000000707805157,201.68482971191406,-0.007000000216066837,0,1
221356.805,0,3,225889800,0,5,3.13,391848427,-768259301,124.13,0.06200000271201134,201.68482971191406,-0.015000000596046448,0,1
221556.765,0,3,225890000,0,5,3.13,391848431,-768259301,124.14,0.006000000052154064,201.68482971191406,-0.01100000087171793,0,1
221756.813,0,3,225890200,0,5,3.13,391848434,-768259302,124.14,0.05000000074505806,201.68482971191406,-0.01100000087171793,0,1
221956.784,0,3,225890400,0,5,3.13,391848438,-768259304,124.09,0.036000002175569534,201.68482971191406,0.014000000432133675,0,1
222156.849,0,3,225890600,0,5,3.13,391848444,-768259301,124.16,0.06300000101327896,201.68482971191406,-0.0020000000949949026,0,1
222356.816,0,3,225890800,0,5,3.13,391848449,-768259299,124.17,0.07600000500679016,201.68482971191406,0.004000000189989805,0,1
222556.777,0,3,225891000,0,5,3.13,391848452,-768259302,124.18,0.07000000029802322,201.68482971191406,0.00800000037997961,0,1
222756.84,0,3,225891200,0,5,3.13,391848456,-768259301,124.17,0.013000000268220901,201.68482971191406,0.018000001087784767,0,1
222956.821,0,3,225891400,0,5,3.13,391848460,-768259301,124.19,0.02500000037252903,201.68482971191406,0.007000000216066837,0,1
223156.777,0,3,225891600,0,5,3.13,391848466,-768259298,124.2,0.07000000029802322,201.68482971191406,0.00800000037997961,0,1
223356.762,0,3,225891800,0,5,3.13,391848470,-768259297,124.24,0.09300000220537186,201.68482971191406,-0.013000000268220901,0,1
223556.723,0,3,225892000,0,5,3.13,391848474,-768259298,124.22,0.0430000014603138,201.68482971191406,-0.005000000353902578,0,1
223756.827,0,3,225892200,0,5,3.13,391848474,-768259300,124.18,0.06700000166893005,201.68482971191406,0.007000000216066837,0,1
223956.801,0,3,225892400,0,5,3.13,391848476,-768259302,124.15,0.05700000375509262,201.68482971191406,0.02500000037252903,0,1
224156.807,0,3,225892600,0,5,3.13,391848471,-768259316,124.01,0.3450000286102295,229.90809631347656,0.07200000435113907,0,1
224356.856,0,3,225892800,0,5,3.13,391848473,-768259316,124,0.17000000178813934,216.98680114746094,0.07700000703334808,0,1
224556.763,0,3,225893000,0,5,3.13,391848474,-768259318,123.98,0.1210000067949295,216.98680114746094,0.08000000566244125,0,1
224756.769,0,3,225893200,0,5,3.13,391848477,-768259322,123.98,0.12600000202655792,216.98680114746094,0.07300000637769699,0,1
224956.721,0,3,225893400,0,5,3.13,391848480,-768259324,123.97,0.0820000022649765,216.98680114746094,0.07000000029802322,0,1
225156.844,0,3,225893600,0,5,3.13,391848483,-768259325,123.97,0.0860000029206276,216.98680114746094,0.0690000057220459,0,1
225356.82,0,3,225893800,0,5,3.13,391848486,-768259325,123.97,0.036000002175569534,216.98680114746094,0.06100000441074371,0,1
225556.826,0,3,225894000,0,5,3.13,391848485,-768259323,123.96,0.07400000095367432,216.98680114746094,0.06400000303983688,0,1
225756.791,0,3,225894200,0,5,3.13,391848487,-768259321,124,0.03800000250339508,216.98680114746094,0.04700000211596489,0,1
225956.76,0,3,225894400,0,5,3.13,391848489,-768259320,124,0.0650000050663948,216.98680114746094,0.04100000113248825,0,1
226156.797,0,3,225894600,0,5,3.13,391848493,-768259321,123.99,0.03700000047683716,216.98680114746094,0.036000002175569534,0,1
226356.791,0,3,225894800,0,5,3.13,391848494,-768259322,123.98,0.029000001028180122,216.98680114746094,0.04000000283122063,0,1
226556.714,0,3,225895000,0,5,3.13,391848498,-768259323,123.96,0.06599999964237213,216.98680114746094,0.0430000014603138,0,1
226756.751,0,3,225895200,0,5,3.13,391848499,-768259317,124,0.07300000637769699,216.98680114746094,0.03200000151991844,0,1
226956.89,0,3,225895400,0,5,3.13,391848501,-768259318,124,0.046000003814697266,216.98680114746094,0.030000001192092896,0,1
227156.849,0,3,225895600,0,5,3.13,391848503,-768259320,123.99,0.026000000536441803,216.98680114746094,0.030000001192092896,0,1
227356.786,0,3,225895800,0,5,3.13,391848506,-768259320,123.99,0.07300000637769699,216.98680114746094,0.030000001192092896,0,1
227556.699,0,3,225896000,0,5,3.13,391848506,-768259321,123.98,0.03700000047683716,216.98680114746094,0.030000001192092896,0,1
227756.77,0,3,225896200,0,5,3.13,391848512,-768259322,123.98,0.0820000022649765,216.98680114746094,0.026000000536441803,0,1
227956.817,0,3,225896400,0,5,3.13,391848514,-768259324,123.97,0.014000000432133675,216.98680114746094,0.021000001579523087,0,1
228156.77,0,3,225896600,0,5,3.13,391848519,-768259327,123.95,0.04200000315904617,216.98680114746094,0.017000000923871994,0,1
228356.763,0,3,225896800,0,5,3.13,391848520,-768259328,123.93,0.052000001072883606,216.98680114746094,0.021000001579523087,0,1
228556.692,0,3,225897000,0,5,3.13,391848522,-768259327,123.93,0.01900000125169754,216.98680114746094,0.021000001579523087,0,1
228756.897,0,3,225897200,0,5,3.12,391848526,-768259326,123.91,0.05900000408291817,216.98680114746094,0.02500000037252903,0,1
228956.82,0,3,225897400,0,5,3.12,391848526,-768259329,123.91,0.09000000357627869,216.98680114746094,0.027000000700354576,0,1
229156.783,0,3,225897600,0,5,3.12,391848527,-768259328,123.91,0.04100000113248825,216.98680114746094,0.032999999821186066,0,1
229356.779,0,3,225897800,0,5,3.12,391848530,-768259328,123.92,0.010000000707805157,216.98680114746094,0.02500000037252903,0,1
229556.719,0,3,225898000,0,5,3.12,391848532,-768259330,123.92,0.01100000087171793,216.98680114746094,0.018000001087784767,0,1
229756.749,0,3,225898200,0,5,3.12,391848534,-768259330,123.91,0.027000000700354576,216.98680114746094,0.014000000432133675,0,1
229956.811,0,3,225898400,0,5,3.12,391848535,-768259330,123.92,0.021000001579523087,216.98680114746094,0.01100000087171793,0,1
230156.814,0,3,225898600,0,5,3.12,391848537,-768259331,123.9,0.03800000250339508,216.98680114746094,0.012000000104308128,0,1
230356.86,0,3,225898800,0,5,3.12,391848541,-768259330,123.9,0.08000000566244125,216.98680114746094,0.006000000052154064,0,1
230556.75,0,3,225899000,0,5,3.12,391848541,-768259330,123.88,0.04200000315904617,216.98680114746094,0.007000000216066837,0,1
230756.795,0,3,225899200,0,5,3.12,391848543,-768259330,123.86,0.02800000086426735,216.98680114746094,0.009000000543892384,0,1
230956.867,0,3,225899400,0,5,3.12,391848545,-768259329,123.85,0.08000000566244125,216.98680114746094,-0.0010000000474974513,0,1
